Unnamed: 0,아이디,댓글 내용
0,  @hyeongieemrremoved9763,"Hii  If you like my videos, plz press like, subscribe and turn on the bell to get the newest notifications !!!
If you have any requests, plz leave a comment and don't forget to mention me because there are so many comments so I can't check them all "
1,  @haseuls,what program do you use to do this ?
2,  @hyeongieemrremoved9763, @haseuls  I use UTAGOE to remove the MR and some other software to edit the sound quality
3,  @haseuls, @hyeongieemrremoved9763  thank you!
4,  @sulgiyomi,자기파트를 한소절도 빼지않고 다 부르는 리즈 대단한듯..거기다 후렴까지 부르고..
5,  @namey1,그게 정상이지 뭘 대단해 ㅋㅋ
6,  @hoonniikim,가요판이 너무 비정상이다 보니까 저런 당연한것도 대단하다고 하는듯
7,  @wonhokim630, @namey1  까느라 정신 없다ㅋㅋ
8,  @rhh4h248,뭐가대단하냐 ㅋㅋ 가수라는사람이 저것도 못부르면;
9,  @cutepengsu,칭찬안해주면 부랄이 덧나노
10,  @user-xc4xx7md8j,저거 깔끔히 제거 할 순 없어요..
11,  @drtuy-do2pq,​ @wonhokim630 까는게 아니라 사실인데 뭘 까노 ㅋㅋㅋ ㅋㅋㅋ
12,  @Ju-ei6zf,ㅋㅋㅋ수십개로 쪼개진 파트 불렀다고 칭찬 받는겨ㅋㅋ
13,  @benji1775,팀내에서 상대적으로 잘하는게 맞긴맞죠
14,  @user-hg4cu2os5v,"리즈랑 유진이는 진짜....
리즈는 자기 파트에 한 번 쉼없이 피치 안 떨어지게 부르고, 유진이는 빌드업 없이 고음 지르는 게 너무 멋있다
이서는 레이 파트까지 하느라 힘들텐데 발성도 커지고 노력 많이한 게 보인다!!"
15,  @avasaylor3422,Vocal line things...
16,  @user-od4dk3ki4b,"이번곡 첨 듣고 1위 절대 하면안되겠다  했는데
유진이 저 음이 올라가는거 보고 너무 놀랬음.
유진이가 저정도 아니였는데"
17,  @user-db4dc8ch3y," @user-od4dk3ki4b  ㄹㅇ.. 음 1위하면 저거 다 못부를거 같은데.. 싶었는데 안유진 음 끝까지 다 올라가는거 진짜 놀람..
리즈도 음색이랑 올라가고.."
18,  @nct_zen825,생목 쓰잖음
19,  @user-le5dc7zu8u,​ @nct_zen825 생목이였으면 활동중에 목나갔을거임 근데 멀쩡
20,  @user-ne5oe3yr9q,안유진 라이브 못한다고 생각하는 사람 많은데 항상 대학축제때 고음 잘 질러서 현장에서 잘한다 말 나오는게 유진이였음... 춤도 저렇게 잘 추면서 라이브로 3옥솔 지르는게 너무 대단해 안유진
21,  @user-fc4rz3iq5u,유진이는 앚즈때도 적은 파트 라이브 꽉채워서 부름 앚즈때 라이브 잘하는 멤에 속했었음
22,  @user-xo5eo1os3b,누가 안유진이 못한다고 생각함 ㅋㅋㅋㅋ
23,  @user-le1iz2yn5g,"애초에 노래를 못한다는 소리 듣는게 음/박이나 성량, 고음능력때문이 아니라 항상 호흡이나 힘조절 문제였음 그래서 현장에선 안정적이였던 리즈가 평이 좋고 메보소리 듣는듯 이번 콘때도 안유진 잘하는듯 못한다는 소리가 그냥 딱 호흡이랑 힘조절 때문임 근데 이건 연차 쌓이면 무조건 고침 ㄹㅇ ㅋㅋ"
24,  @user-ec1bk9vo9q, @user-le1iz2yn5g  ㅇㅈ 안유진은 뭔가 듣는 입장에서 불안불안함 ㅋㅋ 그것 때문에 못한다는 얘기 듣는 듯 내 주변에서 안유진 라이브 못한다고 말하는 애는 한 명도 없었는데
25,  @hwon1458,안유진 고음이 약간 생목 느낌이라 늘 안정적으로 잘 나오진 않아서 그런 것 같음
26,  @mac-hs1xu,"중고음은 리즈, 저음이랑 초고음은 유진...리즈는 중고음에서 가성, 진성 넘나드는게 유진이보다 자유롭지만..저음에서는 유진이보다 약함..초고음은 리즈는 3옥파가 지금까지는 맞는거 같아요..3옥솔도 가능한데  좀 벅찬듯..음이 조금 모자랄때가 있어요..유진이는 3옥타브 부터는 고음 안정적으로 내는 듯 3옥솔까지는 안정적으로 올리고..3옥라까지 올린적 있으니..더 올릴수도..유진인 음역대가 팀내에서 가장 넓고  리즈는 중고음에서 가장 안정적이다..입니다.i  am  파트 배분을 기가막히게 한게 리즈랑 유진이 약점을 서로 커버해주는 배분을 한거 같아요..리즈가 쫘악 올려주면 유진이가 냅따 지르는..서로의 장점을 극대화 시키면서 서로의 약점을 서로 보완해주는...."
27,  @rreuik, @KIMHYUNJONG07  늘은거 맞는데 그게 고마우면 안돼..ㅠ 당연한거임
28,  @user-qw2bt4wf7j, @rreuik  당연한건 맞는데 이때까지 음방이나 앵콜은 몰라도 대학축제는 계속 불렀는데도 억까당한게 너무 많아서.. 나같으면 못불렀음.. 걍 아이돌 해주는것만으로도 고마움
29,  @Nuclear_Launch,​ @rreuik  그 당연한걸 뉴진스 르세라핌은 하냐?
30,  @rreuik, @Nuclear_Launch  딴 그룹이랑 왜 비교해 ㅋㅋ 걔네가 하든말든 가수라면 부르는게 당연한거임 생각 하고 씨부리삼 지금 그 말이 댓에서 사람들이 얘기하는 지적하는게 맞는지 너같은 무지성억빠들이 쉴드칠수록 애 욕 더 먹는다 ㅋㅋ
31,  @yang_qocn,​ @Nuclear_Launch  뉴진스 고음 부르는거 한번도 못봄ㅋㅋ 솔까 뉴진스 노래 겁나쉽지ㅋㅋㅋ딴 가수랑 비교질 하길래 나도 해봄
32,  @harry910628, @Nuclear_Launch  갑자기 뉴진스 르세라핌 얘기는 왜 하는 건데요?? 내 새끼들 잘 한다 뿌듯하다 만 하면 되지.. 그 그룹들도 이 당연한 거 다 해요 타돌 끌고 와서 괜히 본인 프로필에 있는 원영이 또 욕먹이는 그런 추한 짓 하지 마세요
33,  @user-us6lo1cp8u, @rreuik  원래 내새끼는 숨 쉬는 걸로도 고마운 거임 왜 머라하는거지
34,  @rreuik, @user-us6lo1cp8u  ㅇㅇ 말해봤자 안통할거같으니까 걍 ㅋㅋ
35,  @user-hn9fi9cp1p, @yang_qocn  음이 높지 않은 건 맞는데 노래가 쉽진 않음
36,  @user-od4dk3ki4b,"다 필요없고  유진이 저 음이 올라간다는게
놀라울따름이다. 진짜 높은데"
37,  @user-ed3hy3dm2l,​ @Nuclear_Launch  갑자기 뉴진스랑 르세라핌은 왜나옴ㅋㅋ
38,  @user-le5dc7zu8u,​ @user-le1iz2yn5g  늘 오프무대에서 라이브 잘한다는평이 많은건 리즈보다 유진이였음ㅋㅋ 독보적이게 혼자 큰 성량때문에 어떤 대학축제에선 안유진빼고 다 립싱크냐는 말까지 나올정도였는데...? 그 외 녹화무대나 송출되는 무대에선 리즈가 안정적이게 잘한다는평이 더 많았던것같고~
39,  @user-le1iz2yn5g, @user-le5dc7zu8u   @ᄋᄋ  ㄴㄴ 작년 성대 축제 에타글을 시작으로 이번 2월 콘서트까지 전체적으로는 인기때문인지는 몰라도 노래 못한다는 소리까지 엄청 나옴 나도 개인적으로는 짬으로 어떻게 소리라도 크게 내보려는 느낌을 강하게 받음 애초에 청룡시상식 라이브인가 그거보면 딱 안유진이 뭐가 안되는지 느껴짐
40,  @GIdle2018," @yang_qocn  장토끼 님은 장원영 팬이시고 그 당연한 걸 (노래 실력 느는 걸) 뉴진스, 르세라핌은 해? 라고 댓글 다신 거기 때매 뉴진스 노래 어쩌구는 맞는 반박이 아닌 듯"
41,  @Nuclear_Launch,​​ @rreuik  니 프사보니 버니즈같은데 라이브좀 하라고 해라 ㅋㅋㅋ 아 고음은 불가능하려나?
42,  @Nuclear_Launch,​​ @harry910628  왜 내가 뉴진스 르세라핌 얘기하는지 알아? 아이브 악플다는 애들이 걔네팬덤이야 디씨 걸플갤 여연갤에서 단톡방돌리고 악플 다는 애들이
43,  @Nuclear_Launch,​ @user-hn9fi9cp1p  응 개쉬워
44,  @Nuclear_Launch,​ @harry910628  니가 눈이 있으면 이 영상에 무지성으로 악플달리는걸 봐봐 제일 억까 많이 당하는 그룹이 어딘지
45,  @Nuclear_Launch,​ @yang_qocn  맨날 망돌 엔믹스 언급하면서 아이브 후려치기 하는 애들 있음 걔네들 다 제왑퀴 or 하이브퀴들
46,  @user-ed3hy3dm2l,​ @Nuclear_Launch  화가 많이 나셨네
47,  @rreuik, @Nuclear_Launch  버니즈? 그게 뭐임 핀터레스트 뒤지다가 예뻐서 했는데?
48,  @rreuik, @Nuclear_Launch  ㅋㅋ댓글 목록보니까 걍 할 일 없이 유튜브 댓글만 꼬박꼬박 다는구나 상대 안한다 가서 엄마 장례나 치뤄
49,  @__aho_,​ @Nuclear_Launch 그대 역시  그나물에 그밥.
50,  @user-cz1nm1kr8j,그 고음 겨우 올리는데 참 잘하네
51,  @user-db4dc8ch3y, @user-xo5eo1os3b  생각보다 많아서 놀람.. 나도 오잉 잘하는데 싶었는데 유튜브 쇼츠봤는데 안유진도 막 이제 못한다 해서 내 귀가 이상한줄
52,  @Ju-ei6zf,영~차 하고 잠깐 소리 지르고 대부분 뒤에 떼창인데 뭘
53,  @drtuy-do2pq,​​ @Nuclear_Launch ㅇㅇ 일단 아이브보단 둘다 잘하니까 걱정 ㄴㄴ
54,  @drtuy-do2pq,​ @rreuik 장례치를 엄마도 없을것같은데 뭔솔 ㅋㅋㅋ ㅋㅋ ㅋㅋ
55,  @user-fq4qx5ih5e,잘하는건 아님 지지음역도 f+던데 살짝 고음을 소리지르는것같이 부름 살짝 윤 창법? 아이브 멤버들에 비해 잘하는건 맞고
56,  @exdxs,이서는 갈수록 노래 실력 늘 거 같고 유진이랑 리즈는 진짜 잘한다
57,  @esfj8969,이서 전보다 라이브 안정적이게 됐네. 이번 앨범이 진짜 파트 분배 잘 된 듯.
58,  @fjradi_,liz vocal is so stable i'm impressed 
59,  @juhphopie,Our main vocal <4
60,  @huynhthuy3837,Liz xuất sắc luôn
61,  @Strawbbxmoon,"We already knew that Liz, Yujin, and Gaeul would kill it so I want to give props to Leeseo and Wonyoungs progress. Leeseo is loud, clear, stable, and wow you can tell she’s really prepared for this comeback. I’m so proud of Wonyoung for singing live, even the chorus! I think she did a great job and is only going to improve even more  these girls are so confident this comeback and I am LIVING FOR IT! I miss Rei sm tho I hope she’s getting the rest she needs "
62,  @yey4htfi543,이서 가성파트까지 자기 파트 다 라이브 하려고 하는게 얘 진짜 악바리구나.. 어린 친군데도 프로의식이 대단함. 실력 이미 괜찮지만 노래랑 무대 대하는 자세 보니 더더 발전 할 거 같음
63,  @user-db4dc8ch3y,"유진 리즈는 원래 잘했는데 고음도 라이브로 너무 잘하고 이서도 잘한다고 생각한적 없었는데 너무 실력 업그레이드 되서 왔고 그래도 가을이도 자기 파트 다 부르고 원영이도 잘 안들려도 어느정도 들리고 전멤버 다 같이 부를때도 들려서 너무 좋음..ㅜ
레이는 빨리 나아서 같이 음방 나오면 좋겠다
다들 진짜 많이 늘었다.."
64,  @user-fc4rz3iq5u,이서 음색이 비음이 있어서 욕먹기 쉬운데도 꾸준히 라이브 열심히 함 이번거는 파트 자체를 비음이 잘 안드러나는 아예 가성파트나 고음파트를 줘서 곡 퀄리티가 올라감 가성파트에다가 레이대신 부르는 파트까지 있어서 라이브하기 힘들었을텐데 열심히하고 심지어 잘해서 너무 보기 좋다ㅠㅠ 신인 막내가 지금 이정도면 나중에는 더더 잘할듯
65,  @Yu_gin,저는 이서 비음이 너무 좋은데 그걸 왜 욕하는지 모르겠어요ㅠㅠ 비음이 전혀 나쁜게 아니고 오히려 이서 독특힌 음색 살려주는것같은데ㅠ
66,  @user-bi7xy2uk7s,"1:18, 2:15 이 부분 미침… 진성도 너무 좋다"
67,  @SHINeeShinhwa,So proud of them for singing live and improving so much. IVE are so likable because they take the critiques directed them and actually improve and work hard to do better.
68,  @li-wr1lo,이번 라이브가 대박인듯 애들 부르는거 다들렸음....한명한명 너무 열심히 불러서 진짜 대단하다고 느낌
69,  @sarahamelia5778,"Loving that not only woonyoung sing her line live, she also sing the chorus live and definitely loud . I'm in love with leeseo and woonyoung improvement, and gaeul,liz,yujin ate all that song like a queen. Hoping rei to get well soon so we can hear ot6 live"
70,  @PrinceInShadow,wonyoung doing amazing at the bridge..her live vocal so stable 2:08
71,  @user-vc3it4kd8q,"ㅠㅠㅠㅠㅠㅠㅠㅠㅠ 유진이랑 리즈한테 고음파트 주셔서 감사합니다 ㅠㅠㅠㅠㅠㅠ 아이브라이브보면서 감동하는날이 올줄이야 
이서랑 원영이 숨차도 그냥 소리내서 부르고 리즈랑 유진이 후렴같이 질러버리는거 진짜 벅찬다...ㅠㅠㅠ"
72,  @user-nk2tf5ui1q,"춤 다 추고 이 정도면 잘하는데요? 유진, 리즈, 이서가 특출나네. 이서가 생각보다 힘 있게 불러서 매번 놀라는 중. 이번 곡 세련되고 정말 좋음."
73,  @manu_0424,레이도 잘해용!! 레이야 빨리 나아 ㅠㅠ
74,  @tohyeo,?? 5명이 파트 쪼개서 부르는데 그것도 반밖에 못부름.보컬이 아쉽긴함;;;
75,  @user-lv4qz6qm2m,​ @tohyeo  뭐 이정도면 잘한거죠...
76,  @ESTP-yc9hv,"​ @user-lv4qz6qm2m  평범하게 한거라 생각..
그렇다고 라이브 잘하는 타가수 비교하긴싫은.."
77,  @user-qo9vu5zt9q,잘하는 건 아니고 그냥 딱 걸그룹 같음.. 전체적으로 잘하는 건 스테이씨 같음
78,  @ESTP-yc9hv, @user-qo9vu5zt9q  이게 맞는듯
79,  @user-qo9vu5zt9q, @sjskdjdhvdbwbw  내말이 이거임 라이브 잘한다가 아니라 라이브 한다 이거임 립싱크가 아닌
80,  @abcedf, @sjskdjdhvdbwbw  뉴진스는 잘한다긴보다는 음이 낮고 춤이 약해서 부르기쉬움
81,  @Hellokittyzzang,"잘하는구만 뭘 평범하다 못한다 이래
스테이씨도 라이브 잘하는 거고 왜 굳이 비교를 하는거야"
82,  @cristandrew5965,스윗쥬스 부른애들이 진짜 잘하던데
83,  @jun8440, @sjskdjdhvdbwbw  은근슬쩍 뉴진스는 왜 끼노? ㅋㅋ 춤 안추고 하는 앵콜도 개 못하면서
84,  @wizone_nctzen, @sjskdjdhvdbwbw 뉴진스가 뭔 라이브를 잘함
85,  @_o.x_,​ @sjskdjdhvdbwbw  잘하는건 엔믹스지ㅋㅋ 스테이씨는 쌩라이브 기특한거고. 뉴진스는.. 왜 끼워파는거임?
86,  @---hi7eq,"​ @sjskdjdhvdbwbw  정리하면
유명 4세대중 춤추면서 노래부른대는 가정하에
엔믹스>=스테이시>잇지=에스파>르세라핌=뉴진스>아이브 정도였는데 만약 아이브가 확실한 라이브 보여주면 잇지라인정도 갈수 있을듯"
87,  @BaeBae4022,​ @user-qo9vu5zt9q  엔믹스
88,  @user-yz5wq3uw2f,이게 ㅋㅋㅋㅋㅋㅋㅋㅋㅋㅋㅋㅋㅋㅋㅋㅋㅋㅋㅋㅋㅋㅋㅋㅋㅋㅋㅋㅋㅋㅋㅋㅋㅋㅋㅋㅋㅋㅋㅋㅋㅋㅋㅋㅋㅋㅋㅋㅋㅋㅋㅋㅋㅋㅋㅋㅋㅋㅋㅋㅋㅋㅋㅋㅋㅋㅋㅋㅋㅋㅋㅋㅋㅋㅋㅋㅋㅋㅋㅋㅋㅋㅋㅋㅋㅋㅋㅋㅋㅋㅋㅋㅋㅋㅋㅋㅋㅋㅋㅋㅋㅋㅋㅋㅋㅋㅋㅋㅋㅋㅋㅋㅋㅋㅋㅋㅋㅋㅋㅋㅋㅋㅋㅋㅋㅋㅋㅋㅋㅋㅋㅋㅋㅋㅋㅋㅋㅋㅋㅋㅋㅋㅋㅋㅋㅋㅋㅋㅋㅋㅋㅋㅋㅋㅋㅋㅋㅋㅋㅋㅋㅋㅋㅋㅋㅋㅋㅋㅋㅋㅋㅋㅋㅋㅋㅋㅋㅋㅋㅋㅋㅋㅋㅋㅋㅋㅋㅋㅋㅋㅋㅋㅋㅋㅋㅋㅋㅋㅋㅋㅋㅋㅋㅋㅋㅋㅋㅋㅋㅋㅋㅋㅋㅋㅋㅋㅋㅋㅋㅋㅋㅋㅋㅋㅋㅋㅋㅋㅋㅋㅋㅋㅋㅋㅋㅋㅋㅋㅋㅋㅋㅋㅋㅋㅋㅋㅋㅋㅋㅋㅋㅋㅋㅋㅋㅋㅋㅋ
89,  @user-jh1bb5ch4q,​ @sjskdjdhvdbwbw  뉴진스는 이제 아이브 밑임 솔찍히 르세라핌보단 나은정도
90,  @user-jh1bb5ch4q,소찬휘 tears 급으로 높은곡인데 춤추면서 이정도면 잘한다 생각
91,  @user-yk8tk7nu5i,답글에 방문가 전문가들 의견 안궁금해요
92,  @crazynomuhyeon,폐급인데 ㅋㅋ
93,  @user.3321, @user-jh1bb5ch4q  뉴진스르세라핌 영상도 안찾아보고 이런소리 하지마 르세라핌 안무봐라 얼마나 빡센데
94,  @user-uf4dk1ms5u,​ @sjskdjdhvdbwbw  엔믹스는 ㅇㅈ이고 스테이씨도 잘하고 근데 뉴진스는 왜 끼죠?ㅋㅋ 뉴진스도 잘하는편 아닌데
95,  @user-hn9fi9cp1p, @sjskdjdhvdbwbw  뉴진스는 라이브를 잘한다기보다 노래를 잘부름
96,  @sydcogghiff-zr1fl,​ @tohyeo  앵콜보고오세요 겁나잘함
97,  @user-hx4dd2ke1n, @abcedf  춤은 아이브만큼 빡세고 노래는 음역대 폭이 커서 빡센건 팩트임;
98,  @user-hx4dd2ke1n, @---hi7eq  있지 라인은 너무 갔다...연습실 무반주 쌩라이브하면 리즈레이빼고 멸망할듯
99,  @---hi7eq, @user-hx4dd2ke1n  앵콜라이브보니까 확실히 잇지만큼은 아닌듯 춤추면서부르면 더힘드니 앵콜보다 더 실력떨어질테고
100,  @savorymiso939,​ @---hi7eq  엥 있지는 라이브 잘하는데 아이엠 부르고 하면 못할걸 뉴진스도 메보감 없었는데.. 르세라핌도 허윤진 김채원빼고 노래 잘하는 애는 없음
101,  @savorymiso939,​ @---hi7eq  아이브는 앵콜보다 오히려 춤출때 높은 곡 같은 아이앰 그리고 로얄 더 잘했다고 생각함 대학축제 라이브 보셈 콘서트때도 라이브밴드인데 더 잘했음. 앵콜때는 다들 더 긴장해서 그런듯.
102,  @user-go1wz2mu2u,"춤추면서 잘하는게 이정도라는 소리가 나오면 안되는거예요
프로랑 아마추어의 차이인데 이정도면 아마추어가 더 잘하겠어요"
103,  @Hcyhg,​ @Hellokittyzzang  잘한다 수준은 아님 아직
104,  @KIM_DAN_AH,진짜 안유진 리즈라는 애들 빼곤 다 못하는데 왜 빨아줌 ?? ㅋㅋ
105,  @Hcyhg, @KIM_DAN_AH  ㄹㅇ... 이서 비음 너무 일레븐 장원영? 옛날 장원영 보는 느낌이라 불호임 장원영은 6년차인가 5년차인데... 물론 발전을 하긴 했지만 저음 아직도 텁텁한 감이 있음 가을은... 여전하고 근데 노력이 가상하다 안유진 플랫되거나 샵되는 부분 많은데 이건 그렇다고 치고 리즈는 상정도 근데 압도적으로 잘하는 게 아니라... 타 그룹 가면 서브보컬? 리드보컬 쯤 할 듯 불안정함 타 그룹에 비해서도 그렇고 비하지 않아서도 노래 못 부르는 게 맞는데 대체...
106,  @user-cz1nm1kr8j,뭐만 하면 잘한다 ㅇㅈㄹ 다이브들 진짜ㅋㅋㅋ이러니 1위 찍어도 소속사 주가는 계속 떨어지지 쯧ㅋㅋㅋ
107,  @Lim_ppi_ppi, @abcedf  근데 아이브도 4세대 중에서 춤 쉬운편임
108,  @utp5138, @Lim_ppi_ppi  쉬운데 좀 똑같게 하려면 어려운 노래 몇몇 있음
109,  @drtuy-do2pq,​ @wizone_nctzen 그래도 아이브보단 잘함
110,  @goodday3150,"와 다들 마이크가 흔들릴 정도로 역동적인 춤을 추면서 숨찰텐데 노래까지 열심히, 잘 부르고 진짜 대단해! 특히 원영이 이번에 가사 하나하나 거의 대부분 다 열심히 안정적으로 잘 불렀네! 정말 많이 연습했고 그게 빛을 발하는 것 같아 넘 기쁘다. 가을, 유진, 이서, 리즈도 노래, 춤 정말 잘했고 멋졌어! 너네 정말 최고!"
111,  @user-ck4vh1fd4b,흠
112,  @changhak95,ㅋㅋㅋ 안유진 리즈빼곤... 흠...
113,  @user-ed7mn4tn1l,​ @changhak95  저기....이건 칭찬이에요..그리고 아이브 실력 늘었는데 그게 할 말인가요?
114,  @goodday3150, @changhak95  걔네 둘이는 워낙 월등히 잘하는 거지만 다른 맴버들도 나름 잘하는 듯요! 저렇게 역동적인 춤에 노래까지 완벽히 잘하는 건 정말 쉽지 않죠.. 저정도면 다들 전체적으로 우수한 편인 듯요.
115,  @KIM_DAN_AH,​ @goodday3150  뭔 우수한 편이냐ㅋㅋ 음악 6개월만 배워도 저정도면 기본인데 ??
116,  @realkickkick,​ @KIM_DAN_AH  그래도 칭찬ㅅ하는 댓글에 그렇게까지 댓글을 달 필요는 없다는 거잖아;;
117,  @user-ck4vh1fd4b,흠
118,  @changhak95,ㅋㅋㅋ 안유진 리즈빼곤... 흠...
119,  @user-ed7mn4tn1l,​ @changhak95  저기....이건 칭찬이에요..그리고 아이브 실력 늘었는데 그게 할 말인가요?
120,  @goodday3150, @changhak95  걔네 둘이는 워낙 월등히 잘하는 거지만 다른 맴버들도 나름 잘하는 듯요! 저렇게 역동적인 춤에 노래까지 완벽히 잘하는 건 정말 쉽지 않죠.. 저정도면 다들 전체적으로 우수한 편인 듯요.
121,  @KIM_DAN_AH,​ @goodday3150  뭔 우수한 편이냐ㅋㅋ 음악 6개월만 배워도 저정도면 기본인데 ??
122,  @realkickkick,​ @KIM_DAN_AH  그래도 칭찬ㅅ하는 댓글에 그렇게까지 댓글을 달 필요는 없다는 거잖아;;
123,  @ssuk_milk,2:15 난 이서 발성이 저렇게 좋은 줄 몰랐어.. 와.. 너무 잘한다 이서야
124,  @OMG996,"Everyone is slaying so hard this comeback! Especially Yujin and Liz with not only their vocals but their dances and performances too! 

Hopefully Rei recovers well and we get to see OT6 soon! IVE I-ting!"
125,  @kalmasera,"Liz is so stable ohmygod, she even sing on every lines, eventhough just small whispers. Also Leeseo did well too! Rei surprisingly well too."
126,  @eightwishes4191,Rei is not there
127,  @aimanhaiqal9638, @eightwishes4191  lol 
128,  @hushperse,that are not small whispers tho?
129,  @stantxtstraykidsandseventeen,Well Someone clearly doesn’t know IVE 
130,  @manel7145,​ @stantxtstraykidsandseventeen  is it a crime ️ someone clearly don't have a life
131,  @stantxtstraykidsandseventeen," @manel7145  they literally said rei did surprisingly well and she’s not even there  so no, it’s literally not a crime but still dumb. Clearly someone is too dense to even ask for context."
132,  @wadadaqueen,Help
133,  @ttangkong0228,리즈 안정감 미쳤다.. 유진은 고음도 잘 올라가고... 탑이다 징짜
134,  @user-nv8xu9kn1u,인기가요가 라이브 포텐 터진득 하이라이트 같이 부르는거 진짜 웅장하다….
135,  @Flying-Chicken,​ @user-hl5kf5ny7k  가을이도
136,  @ugrslibilly, @user-re1kk4et4b 아는척자제 ㅋㅋ
137,  @user-nv8xu9kn1u, @user-re1kk4et4b  ㅋㅋㅋㅋㅋ맴보들 다들려ㅜㅜ 라즈랑 유진이가 크긴하지만
138,  @user-nv8xu9kn1u, @user-re1kk4et4b  그리고 둘이상이면 같이야 유진이랑 리즈만 부른다쳐도 같이라고 말해도 틀린표현아님 ㅋㅋㅋㅋㅋ 걍 아이브가 싫다고 해루
139,  @wonnyverse_offical,wow liz and yujin vocals are so pretty
140,  @littlemina71234,"솔직히 노래를 못한다고 할수없는게 
무대보면 춤이랑 표정연기가 노래안부르는것처럼 완벽함
심지어 이노래 개높은데 이걸 소화함
진짜 아이브가 왜 4세대탑인지 알것같음"
141,  @sisisisisis6519,ㅋㅋㅋㅋㅋㅋㅋㅋㅋㅋㅋㅋㅋㅋㅋㅋ
142,  @user-nn6xr7dw1u,ㅋㅋㅋㅋㅋㅋㅋㅋㅋㅋㅋㅋㅋㅋㅋㅋㅋㅋㅋㅋㅋㅋㅋㅋㅋㅋㅋㅋㅋㅋㅋㅋㅋㅋㅋㅋㅋㅋ존나웃기네
143,  @user-hx4dd2ke1n,다이브가 왜 4세대 최악의 잼민팬덤이라고 하는지 1초만에 알것같음
144,  @Nuclear_Launch,​ @user-hx4dd2ke1n  콘돔 미사용결과물
145,  @Nuclear_Launch,​agroayyo 성적이 말해줌 아닥
146,  @wizone_nctzen, @user-hx4dd2ke1n 진짜 팬덤 어린거 개싫음..
147,  @wari6208,​ @Nuclear_Launch  논리 반박 못하고 바로 욕부터 하는거 수준 나오네
148,  @user-cz1nm1kr8j,뭔 탑? 탑인데 주가는 왜 계속 떨어지는지 서술해보자
149,  @user-iq1no9sr2u,노래 안부르는거처럼 표정연기... ㅋㅋㅋㅋㅋㅌㅋㅋㅋ
150,  @usfneoxnwpznwj,4세대탑….? 실력 말하는건가
151,  @littlemina71234, @usfneoxnwpznwj  ㄴㄴ인기로..
152,  @littlemina71234,agroayyo 내가 언제 실력이 탑이라했음?ㅋㅋㅋ어찌됬든 4세대중 탑급인건 맞잖슴ㅇㅇ
153,  @littlemina71234, @user-cz1nm1kr8j  님이 존나 똑똑한 투자자라쳐도 주식하면 오르락내리락 함^^...이정도면 잘하고있다고 봄
154,  @littlemina71234," @user-hx4dd2ke1n  잼민이가 좋아하는게 나쁜건진 잘 모르겠지만 이글을 보고 내가 잼민이라 판단됨..?글고 난 20댄데..
글고 여기저기 잼민팬덤이라 무시하면서 댓글다는 너보단 순수하게 좋아해주는 잼민이가 나은것같음ㅋㅋ"
155,  @user-cz1nm1kr8j, @littlemina71234  계속 나락인데 뭔 개소리인지 모르것노
156,  @user-cz1nm1kr8j, @littlemina71234  주가 9만원이던거 지금 5만5천원인데 횡보 아니면 하락이다 뭘 좀 알고 씨부려라
157,  @littlemina71234," @user-cz1nm1kr8j  ㅇㅇ모르고 씨부려서 미안한데 주가 하락한거 당신이랑 그렇게 상관있는거임?
내가 탑이라해서 설마 그게 꼴받는거임?ㅋㅋ
제발 이런 댓글 달고 신경쓸 시간에 자기 인생이나 돌보셨으면...아 투자했다면 쏴링ㅎ"
158,  @user-nk1hv6ov9k, @user-hx4dd2ke1n  ㅈㄹ
159,  @user-mn8ff6dx4t,"모든 음원 차트 1,2위를 찍었는데 그럼 탑이 아니면 뭐임 ㅋㅋ 댓글들 개꼬였네 진심 ㅋㅋ"
160,  @user-cz1nm1kr8j, @user-mn8ff6dx4t  주가나락 거품 인기ㅋ
161,  @user-mn8ff6dx4t, @user-cz1nm1kr8j  풉 ㅋㅋ 자꾸 주가주가 거리는데 스타쉽에 그룹이 아이브밖에 없냐?ㅋㅋ 무슨 아이브때문에 떨어진거마냥 말하는거 개웃김 ㅋㅋ 모든 성적이 다 말해주고 있는데 혼자서 계속 주가 염불 외우세요~
162,  @user-zs2mg3bh9w, @user-cz1nm1kr8j  ‘’스타쉽 주가가 떨어졌대..!‘’ ‘’헉! 그럼 아이브 망했겠네..’‘ 님은 그럼 ㅇㅈㄹ하고 다니세요?..
163,  @user-zs2mg3bh9w, @user-cz1nm1kr8j  그건 님이고요;; 그쪽이 그런 뉘앙스로 말해놓고 누가 누굴보고 말이 안통하네 마네를 하고 있는..ㅋ 애초에 아이돌한테 주가 폭락 얘기를 꺼내면서 거품인기 이러는거부터가 님 말이 모순이라는거에요;; 누가 회사의 주가로 아이돌의 인기를 판가름해요?ㅋ
164,  @user-mn8ff6dx4t, @user-cz1nm1kr8j  지가 먼저 탑이라는 말에 주가 폭락 얘기를 꺼냈으면서 저사람한테는 주가가 떨어지는데 아이브가 왜 망함? 이러고 있다 ㅋㅋ 니는 니가 한 얘기도 기억을 못하냐?ㅋㅋ
165,  @user-nk1hv6ov9k, @user-mn8ff6dx4t ㅇㅈ
166,  @drtuy-do2pq,​ @user-hx4dd2ke1n  ㅋㅋㅋ ㅋㅋㅋ
167,  @user-kp7zv3xy3v,팬덤이 어리던 말던.. 나이 처먹은게 훈장인가요??(진짜 궁금)
168,  @drtuy-do2pq, @usfneoxnwpznwj  실력은 갸소리고 잼들한테 인기가 많음
169,  @kennethdaluz2526,Liz ate up every second I love it yujin killed her high note flawlessly. So proud of leeseo for performing her and rei's lines live eventhough she is having difficulty in being stable
170,  @koirvne,Sad that they started off key but the way she pulled the key up for Gaeul... Queen!
171,  @seo_zz,"저 높은 노래를 라이브하먄서 격한춤을,,,,,,,,,,, 진짜 대단하다 아이브"
172,  @-jibyeongali,"원영이 많이 들었고~유진이는 고음 시원시원하고 이서는 음색 미쳤고 가을이는 랩 짱 잘하고 리즈는 말  할것 없이 매번 미쳤고 레이야 빨리 건강해져서 
무대에서 보자"
173,  @user-wf7hw9iy1e,장원영 연습좀해라
174,  @user-is1po4lq2q, @user-wf7hw9iy1e  박재범 드라이브 보셈 가을보더 장원영이 훨씬 안정적임ㅋㅋ
175,  @user-is1po4lq2q, @KIMHYUNJONG07  진짜 안정적으로 잘 불렀는데 아직도 ㅈㄴ 까내리네
176,  @Sn-eo8sp, @user-wf7hw9iy1e  닥쳐
177,  @user-rw9zf9io3l, @user-wf7hw9iy1e 뭐뭐라놐ㅋㅎㅋㅎㅎㅋㅎㅋㅎㅋㅎㅋㅎㅋㅎㅋㅎㅋㅎㅋㅎㅋㅎㅋㅎㅋㅎㅋㅎㅋㅎㅋㅎㅋㅎㅋㅎㅋㅎㅋㅎㅋㅎㅋㅎ콯코홐호콯콯콯
178,  @user-qf5xz1dn9s,​ @user-wf7hw9iy1e  ㅇㅈㅋ
179,  @Arrrreung, @user-is1po4lq2q  근데 그거 어차피 다 후보정 박지않나?
180,  @ph3043,yujin and liz are really impressive. singing while dancing is not easy!
181,  @amanadp7944,Yujin & Liz realy hit the high note..
182,  @Ruzioxcbk,THE CHORUS OMG
183,  @ahngyutae,유진 노래 진짜 잘하네...
184,  @ps123gamer3,Who's Eugene?
185,  @ahngyutae," @ps123gamer3  Yujin is the member you can see in the thumbnail!
She is the leader of IVE"
186,  @nothinglasts4ever, @ps123gamer3  0:17
187,  @_ming._.,"유진,리즈,이서 성량 미쳤고 레이도 나오면 진짜 잘할 것 같다 !!  원영이는 후렴에서 너무 잘한것 같고 갤선배 랩파트 진짜 ️️"
188,  @OomuraMiki,Liz is truly the vocal queen!
189,  @RNDDV,모든멤버들 목소리가 다 잘들려  너무좋다 독기의아이콘 이영상 보니까 진짜 열심히살고싶어져 고마워 갓기들 레이도나아서오길
190,  @eh...3765,아이브 엄청 늘어서 보기좋네요
191,  @parkpark.c7793,와.. 진짜 연습 많이들 했구나... 진짜 존경스럽고 대단하다
192,  @icantpee_myass244,0:55-0:56 of Wonyoung voice is really cute haha
193,  @scarletwillowwood489,Wow I actually had no idea wonyoung had such a good live voice! All the girls did great!
194,  @user-bt8xs7cz7c,"이서랑 가을도 실력 많이 늘었고 지금까지 아이브 노래 중에서 장원영 음역대랑 그나마 어울리는 것 같고,장원영 중저음 매력적이라서 너무 어울리는 것 같고,안유진은 이번에 키치랑 아이 엠 둘 다 너무 잘해서 그냥 찢었고 걍 안유진이 이번에 미친 것 같것 같음.. 그리고 리즈도 원래 실력 좋은만큼 너무 잘함..확실히 예전곡들은 장원영 위주의 파트가 많았는데 고음이 듣기 힘든 부분이 있었는데 이번에는 음역대 고려해서 파트 분량 나눈게 다행인듯"
195,  @hanynu,장원영 음역대보다 낮은거 같은데? 안내려가잖아
196,  @auriha05,​ @hanynu  저음이 원래 자세 가다듬고 불러야 되는 거라 춤추면서 부르기 힘든 면은 있음. 안 내려가기보단 공명이 제대로 안 돼서 소리가 작게 들리는거
197,  @hanynu, @auriha05  그런거야?
198,  @user-qt8dg5pk2d, @hanynu  맞아요 원래 고음보다 저음 잘 내는 게 어려운 거긴 합니당! 그렇다고 고음이 쉽다는 건 아니구요 말 그대로 저음을 안정적으로 듣기 좋게 잘 내는 건 어렵다는 뜻입니다! 이건 노래를 좀 연습해봤다 하시는 분들은 더 더 공감하실 거예요
199,  @hanynu, @user-qt8dg5pk2d  글쿤요
200,  @ttball,가성이 많은데도 잘 안흔들리고 잘하는것같음
201,  @asiangsus,LIZ's MIC IS ON!!! she and yujin really sang that chorus 100%! leeseo is also trying her hardest which im here for always :)
202,  @Blink-sf2tc,Yujin sings so well!!! That high notes I'm gonna cry so good
203,  @user-qw2bt4wf7j,하이라이트 원영이 목소리 너무 잘들린다 ㅜㅜ.. 유진이랑 리즈 이서는 원래 잘했고 가을이랑 원영이 특히 원영이 기죽지 않고 계속 불러줘서 너무 고마움 원래도 계속 라이브 했는데 슈스라 그런가 억까 젤 많이 당하는데도 아이돌 해주는게 고마울따름임
204,  @heewonJ-ys2og,하이라이트 거의 유진임
205,  @Flying-Chicken,"가을이도 이번에 계속 잘했음 
아이브 화이팅!"
206,  @user-cj2jn4os3i,계속 라이브했었다고?ㅋㅋㅋㅋ 예전 영상을 봐라 라이브 수준인가
207,  @user-qw2bt4wf7j, @heewonJ-ys2og  전형적인 유진이 칭찬하면서 원영이 내려치기하는 팬... 님은 팬도 아님... .
208,  @eh...3765,​ @Flying-Chicken  ㄹㅇ 잘함
209,  @user-cj2jn4os3i,Hirl 야 솔까 4세대 중에서 라이브 많이 하는 편은 아니다
210,  @user-vj9ld9lp7z,"ㄴ 여기서 전에 걸로 싸울필요 머가 있음??
정규앨범으로 컴백한 아이브가 첫방 첫주부터 생라이브를, 잘한다는 중점아닌가
애들도 라이브실력 확연히늘은거보면 연습 진짜 많이 한거 같고ㅠ 저빡센 춤에 라이브,, 와 그리고 워녕이 가지고 넘어지는 악플러들 많은데 녹음비디오나 연습영상만 봐도 노래 잘부름, 춤추면서 라이브를 집중적으로 안해서 그렇지 근데 이번에 첫주부터 라이브 부르면서 댄스,표정 그대로 유지하니까 연습많이들 햇구나 칭찬하는거지 어휴 이제 악플러들 깔거 없어서 어쩌나..ㅎ"
211,  @user-ow8jb2il5t, @user-cj2jn4os3i  아이브보다 라이브 많이한 걸그룹 4 세대에 엔믹스 말고 없을걸?
212,  @user-cj2jn4os3i, @user-ow8jb2il5t  그건 또 뭔 소리임? 스테이시 르세라핌 뉴진스 등등 아이브보다 라이브 많이 함 아이브보다 라이브 안한 4세대 걸그룹도 찾기힘듦
213,  @user-ok4yo7vt2p,연말 무대 안보셨어요? 아이브 보다 라이브 많이한 그룹 엔믹스 스테이씨밖에 없는데요
214,  @user-cj2jn4os3i, @user-ok4yo7vt2p  연말무대 말고 전체적으로 봤을 때 얘기하는거
215,  @user-cj2jn4os3i, @user-je1sw6qd2b  하지만 아이브도 못하죠
216,  @user-fc5eb5fs8r, @user-cj2jn4os3i  아이브는 팬콘에서 풀라이브했는데요?
217,  @user-fc5eb5fs8r, @user-cj2jn4os3i  댓글보니까 어디 팬인지 알겠는데 진짜 지저분하게 영업하네요 진짜 이 그룹팬들은 왜 이러나요 아이브 욕할시간에 님이 좋아하는 그룹 라이브 연습이나 하라고하세요
218,  @user-cj2jn4os3i, @user-fc5eb5fs8r  웅 알았쪄
219,  @user-jm3db4zq8i, @heewonJ-ys2og  귀먹음?음원에서도 장원영목소리가제일커 ㅋㅋㅋㅋ 얇고 쨍한목소리가 장원영인데
220,  @user-em7ft2ec9u,​ @user-cj2jn4os3i  초딩인거 다 티나 얘야...
221,  @user-cj2jn4os3i, @user-em7ft2ec9u  고딩이야 게이야
222,  @user-qw2bt4wf7j, @user-cj2jn4os3i  인정할건 인정해라 못해도 대학교 축제같은곳에선 계속 라이브 했었고 뭐 음방 무대나 앵콜에선 계속 라이브 피했다고 해도 지금은 라이브 하고 있잖아 왜 인정을 안함? 고딩이나 됐으면서 자랑임?
223,  @user-cj2jn4os3i, @user-qw2bt4wf7j  지금 잘하는건 인정하는데 옛날에 못했던걸 얘기하고 있잖아 갈등의 주제를 알고 나대줄래?
224,  @user-qw2bt4wf7j, @user-cj2jn4os3i  주제 몰랐던건 니잖아.. 내가 예전에도 계속 라이브 했었는데 라고 단 댓글에 못했다고 초친건 니면서 왜 난리임? 난 예전에 못한거 인정한다했잖아 ㅋㅋ
225,  @user-bu7md2xf2y, @user-qw2bt4wf7j  아니 하이라이트는 유진 이서 목소리밖에 안들리는거 맞는데 원영을 욕한 것도 아니고 이게 어떻게 장원영을 내려치기한거임
226,  @user-cj2jn4os3i, @user-qw2bt4wf7j  인정 언제함? 아무리 찾아봐도 없는데
227,  @user-qw2bt4wf7j, @user-bu7md2xf2y  저사람 댓글내역 보셈 그리고 하이라이트에 원영이 목소리 되게 잘들림.. 님 장원영 목소리 모르는거 아닌이상 들릴텐데
228,  @user-qw2bt4wf7j, @user-cj2jn4os3i  내가 말 잘못한거 맞음 라이브 피했다고만 했지 못했다곤 안했네;; 예전에 장원영 라이브 못했던거 맞고 계속 회피했던것도 맞는데 지금은 잘한다는댓에 초친건 너 맞음 님도 걍 깔끔하게 인정하셈
229,  @user-cj2jn4os3i, @user-qw2bt4wf7j  ㅇㅇ 지금 잘하는거 조오온나 인정하는데 예전에 못했다는 걸 얘기하고 싶던거
230,  @user-sk1hz2we2e, @user-bu7md2xf2y  웃기고 있네 장원영 목소리 조금이라도 알면 그런 소리 못 함 갤럭시랑 장르로는 부분 누가 봐도 장원영 음색 맞는데 뭘 ㅋㅋ
231,  @user-em7ft2ec9u, @user-cj2jn4os3i  거짓말하면 산타할아버지가 선물을 안줘요ㅜㅜ
232,  @user-cj2jn4os3i, @user-em7ft2ec9u  산타할아부지 존나 보고싶어요 ㅠㅠㅠㅠ
233,  @INTP269,​ @user-cj2jn4os3i  앵콜이랑 녹음실 비하인드마저 튠을 잔뜩깔아놓는 뉴진스를가져오는건 좀
234,  @user-sk1hz2we2e, @user-cj2jn4os3i  스테이씨랑 르세라핌 뉴진스? 은근슬쩍 끼팔 추하네 진짜 하이브퀴야 ㅋㅋ
235,  @user-cj2jn4os3i, @user-sk1hz2we2e  ㅋㅋㅋㅋㅋ 눈치빠르농
236,  @Nuclear_Launch, @INTP269  게다가 10진스 노래는 고음도 없음 ㅈㄴ 난이도 쉬움 ㅋㅋㅋ
237,  @user-ow8jb2il5t, @user-cj2jn4os3i  뉴진스랑 르세라핌보다 아이브가 라이브 공연 많이했어요~
238,  @user-cj2jn4os3i, @user-ow8jb2il5t  하지만 원영띠 보단 많이 했죵
239,  @user-cj2jn4os3i, @Nuclear_Launch  니 노래방에서 뉴진스 노래부를 때 존나 삑사리 날거 같음
240,  @user-ze6db5po8c, @user-cj2jn4os3i  고딩이나 됐는데.. 그저 한심
241,  @user-ow8jb2il5t, @user-cj2jn4os3i  원영이가 더 많이했어 ㅋㅋㅋ 으휴 지가 위에서 아이브보다 르세라핌이 더 라이브 많이했다고 해서 아니라고 팩트 말해주면 인정하면 되는데 애써 쿨한척 유쾌한척 뚱딴지 같은 소리하는 거보니까 공부는 못하겠네ㅜㅜ ㅋㅋ
242,  @user-bu7md2xf2y, @user-sk1hz2we2e  이서랑 장원영이 목소리가 비슷해서 갤럭시 부분은 헷갈리는데 판타지 부르는 목소리 들으면 확실히 이서 맞음 알고 들으면 갤럭시도 걍 이서 목소리로만 들림 진짜 개답답하네 판타지 듣고도 장원영이 부른거라하면 ㄹㅇ 막귀 인증인데 아니면 뭐 앞부분은 장원영이 부르고 뒷 부분이 이서가 불렀다하게????
243,  @_o.x_,"​ @user-bu7md2xf2y  장원영이랑 이서 목소리가 구분이 안된다고....?? 이서는 좀더 얇고 간드러지는, 듣기 괜찮은 비음이 살짝 있는 목소리에요"
244,  @changoacnt4635,하이라이트 이서임..
245,  @user-bu7md2xf2y, @_o.x_  구분을 못한다는게 아니라 둘다 비음이 있어서 어떤 파트에선 헷갈릴 때가 있단 거예요 갤럭시 파트는 얼핏 들으면 장원영 목소리 같은데 이서 목소리인 것처럼요
246,  @user-cj2jn4os3i, @_o.x_  나 구분안된다고 한적 없는데 앞 댓글 좀 읽고 와라 다른 사람이 다르다고 했다
247,  @user-cj2jn4os3i, @user-ow8jb2il5t  웅 춘식띠 니 성적부터 보고 말해 
248,  @user-mn8ff6dx4t, @user-cj2jn4os3i  하이브퀴야 은근슬쩍 라이브 하는 그룹에 르세라핌 뉴진스 끼워넣는거 개역겨움 ㅋㅋㅋ 4세대중에 라이브 제일 안하는 그룹이 이 두그룹이다 ㅋㅋㅋ
249,  @user-cj2jn4os3i, @user-mn8ff6dx4t  하지만 아이브도 못하죵
250,  @user-qw2bt4wf7j, @user-bu7md2xf2y  장원영 목소리 맞아요... 이서는 좀 더 쨍하고 얇은 목소리임
251,  @blooming__9,와 유진아 진짜 너는..너무 멋있다..
252,  @artis.01_md41,안유진이랑 리즈가 진짜 살렸다 ㅠㅠ
253,  @noonienini,"Yujin and liz owned this era fr, they paved the wayy and so did the other members leeseo improved so much"
254,  @user-xp7yv7kp5f,리즈 유진 이서 진짜 대단한듯… 진짜 안정적임
255,  @user-kv2gd3vd1m,ㅇㅈ
256,  @Flying-Chicken,가을이도 
257,  @sloth0328,​ @Flying-Chicken  근데 욕하는건 아닌데 객관적으로 팬심 다 빼고 보면 가을 아직 실력 많이 부족함 ㅜ
258,  @jellyly6955,"I'm so glad they ALL sing live, they improved a lot!! I'm looking forward to what they'll give us next"
259,  @user-ne9tw8fu6q,리즈랑 유진이는 원래도 아이엠이 되게 높은데 그중에서도 고음파트를 아무렇지않게 부르는게 너무 멋있다..그리고 원영이는 진짜..노래 실력 많이늘었고!!이서는 원래파트에 레이파트까지 하느라 힘들텐데..목소리에 힘도생기고..가을이도 랩파트하느라 힘들텐데 노력한게 보이네..(레이야 아프지마)
260,  @user-ne5oe3yr9q,원래 유진 리즈는 잘하는거 알고 이번에 애들 다 실력 늘어서 왔네 립싱크 안하는게 너무 보기좋다 컴백때마다 항상 실력 늘어서 오는거 보니까 빡세게 연습한듯 기특해 아이브!!
261,  @user-yq4kp8xm6u,이서 라이브 미쳤다ㅜ
262,  @user-tx7fj5ff4r,"장원영한텐 중저음파트가 특히 매력적인 듯… 메보급 실력은 아닌지라 중저음 킬링파트 받는게 맞는 것 같음 확실히 안정적이고 좋네요

다른 친구들 고음파트 제대로 부를 줄 몰랐는데 놀랐음 ㄷ ㄷ"
263,  @Luison-jn9xv,라이브 실력 진짜 많이 늘었다 다들
264,  @nayoee_,"진짜 미첬다 고음 미첫… 성량도 미첬는데 음색도 돌음
어떻게 저렇게 격한 춤을 추면서 삼박자를 다 맞춤 ㄹㅈㄷ"
265,  @user-fu8uf2ds8o,코노가면 옆방에서도 이정도는 나옴
266,  @user-rw7sj8de2s, @user-fu8uf2ds8o  어디 코노임? ㅋㅋㅋㅋㅋㅋ코노 안가봄?
267,  @spring-kz2md, @user-rw7sj8de2s  ….니가 안 가본 거 같은데
268,  @user-rw7sj8de2s, @user-rd6lw9xu8q  ㄹㅇㅋㅋㅋㅋ 쟤네들은 춤추면서 표정도 못짓고 노래도 백퍼 못부를거면서 어케든 까낼라고..
269,  @user-dc6vw7mo9o, @user-rd6lw9xu8q  그거 감수하고 아이돌 하는 거 아님? 그래서 격한 춤 안하는 앵콜에선 잘 부르나?
270,  @koreasmchoi5580,​ @user-dc6vw7mo9o  아이브 이번 엠카 앵콜이나 보고 오세요 개잘불렀어요;;
271,  @caijstevens,i love that leeseo literally sings all her lines. she's improving too!
272,  @lchoux6341,"It feels so good to finally see Wonyoung giving everything in a performance, she is slaying this era 
She even sang the chorus at 0:50 when it is supposed to be sung by Liz and Yujin only"
273,  @mmyura3279,Tell me u have never seen an ive performance w/o telling me u didn't :
274,  @jagiyaforsannie,she always gave her all dang… some of yall just so obsessed with hating on her even breathing u become blind for her obvious passion and dedication
275,  @Useri77u7u7,She always gives her all. She’s the best performer in the group along w Yujin. Also the chorus is all of the members it’s just that Yujin’s voice leads
276,  @guru..,0:50 sounds like leeseo
277,  @laissa9372, @mmyura3279  haha so true
278,  @laylahh9889,The fact that some of y'all sleep on wonyoung and dont notice her improvement she's been singing a lot often and improving
279,  @laissa9372, @laylahh9889  their fancon is literally a big proof of it but kpop stans will only check an ive stage if it's negative. there are so many clips of her singing live and killing it on stage but it never got viral
280,  @youandiwecanfly,This is so backhanded
281,  @alora_offcl,I think Wony is supposed to sing that part is supported by Liz and Yujin ?
282,  @ashistoxic8447,'finally'? She always gives everything lol. Just another person who believes everything they see on social media
283,  @NNU101,every1 sings the chorus
284,  @user-fc5eb5fs8r,장원영은 원래 라이브 많이했어요 축하공연 행사등에서 라이브로 트집 잡힌적 거의 없었습니다
285,  @user-fc5eb5fs8r,팬콘서트 영상만봐도 라이브 하는거 아실텐데요
286,  @whoisdeja_,the chorus is supposed to be sang by all whatchu mean
287,  @nnn9854,the fact that you think STARSHIP is not controlling her is funny. they don’t want her to sing live and idk why when she has such nice vocals.
288,  @guinnsellina, @mmyura3279  hahahah right.
289,  @sgaf7001,"​ @Useri77u7u7  Only Yujin can be considered as a good performer in IVE. Maybe Gaeul or Wonyoung (but more on Gaeul) follows, but the gap between Yujin and other members is immeasurable. To be fair with Wonyoung, she was a better performer than Yujin imo in IZ*ONE."
290,  @mystic1661,​ @guru..  All of them sang that part.
291,  @bunnyzc2860,"Wonyoung is so good, she sang all of her parts part loud and confident!"
292,  @elainekim8924,Gah Liz and Yujin never disappoint! Leeseo and Gaeul doing good too as usual. And finally hearing Wonyoung's voice! Well done my girls <3
293,  @marshmellowwww8511,Wonyoung and Leeseo's vocals improved
294,  @user-pf9pv1cf6g,안유진 리즈 이서 가 진짜 미친것 같다.. 이 셋 진짜 잘하고 가을이도 잘하네. 근데 제일 충격인건 장원영이다.. 엄청 늘었네. 심지어 꽤 안정적임. 1인분은 하는듯
295,  @yey4htfi543,원영이 맞는 음역대 찾아서 다행임 저음 맡기면 이렇게나 잘하는데 ㅇㅇㅈㅇ 프로듀서가 얼마나 생각이 없었던건지... 표정도 훨씬 자연스러워지고 당당해보이고
296,  @user-re1kk4et4b,ㅇㅇㄹㅇ 원영이 노래실력은 일반인급인데 프로듀서가 생각이 없었음
297,  @smile-mt4ct,본인 파트보다는 싸비때 더 잘들리는거 같은데 좀 더 자신감 가져도 될듯
298,  @hi9348,"장원영은 솔직히 아이즈원에서 아이브로 재데뷔할 때 이미 많이 늘은편이였음 (아직 더 늘어야하지만)
다만 다른 멤버들 라이브할 때 잘 안해서 그런거지
특히나 이번에 딱 맞는 음역대도 만나고 라이브도 열심히 하니 너무 좋네요"
299,  @IAMSN00PY,노력이 엿보이는 라이브여서 너무 멋지다 아이브!!
300,  @user-fu8uf2ds8o,노력 ㅋㅋㅋ 님도 노력많이 하시네요 ㅋㅋㅋ
301,  @ws7eyd,​ @user-fu8uf2ds8o  너만할까..ㅠ
302,  @amon7342,노력이요?ㅎㅎ
303,  @Jennyyy572,춤은 더 어려워 졌는데 라이브는 더 늘어서 좋다..ㅠㅠ
304,  @PrinceInShadow,everyone are stable..but gaeul did so well too especially the rap part
305,  @f.w.2473,Leeseo is amazing. She does all the parts live like .. she had hers as well as cover rei’s.
306,  @rikkalfns5511,wonyo singing the chorus  finally she's become more confident of her voice
307,  @user-od5iq1cg6x,다 열심히 하고 잘한다ㅜㅠ 리즈 잘하는 건 알았고 유진이 고음 개시원ㅋㅋㅋ 이서도 꼬맹인데 넘넘 안정적ㅎㅎ 워녕이 가을이도 춤 예쁘게 추면서 열심히 하는 거 너무 보기 좋음 짱이브ㅠㅠㅠ
308,  @cutepie4318,WOW LIZ’S VOCAL IS ANOTHER LEVEL
309,  @DaisyKim-dh4se,Wow i love the vocals of wonyoung and liz!! Now wonyoung can finally say to her haters that she can sing
310,  @ggrbd,"it's so impressing how liz and yujin sang every chorus by themselves, not to mention the high notes, such a poweful duo!"
311,  @austhints,"if you have some ears, you can clearly hear the other members voice too, but i totally ubderstand you, yujin and liz was leading the chorus."
312,  @ggrbd," @austhints  there's clearly only two distincts voices on the chorus, with a third one coming in every now and again (my guess is leeseo),
sit down no need to get defensive it's a hard song to perform live"
313,  @fairy_s2,"장원영 노력하는 모습 보기 좋다 ෆ╹◡╹ෆ
안유진은 그냥 더 미쳣고.. 리즈는 그냥 말할것도 없이 완벽하고.. 이서 진짜 많이 늘었다.. 레이는 잘 하고 있고.. 가을은 조금만 더 연습하면 좋을꺼같고.."
314,  @dinejesselyn1375,Yujin's vocals omg! She serve! She and Liz atee!
315,  @swaffiiietheblue,No one is praising wonyoung for her vocals . i thought she didn't sing because of her beautiful vocals
316,  @IdentityCrisis_01,"Barely anyone praise wonyoung, it's only when they felt like criticizing her that they will bark."
317,  @Reyazas,Queen Wonyoung always killing every stage. The backbone of future Kpop industry depend on our Queen!!!
318,  @Sianlee264,You are going too far.There are idols who are more stable in live vocals than her.
319,  @Reyazas," @Sianlee264  Too far? For who? I am just sayin fact. For me, no one can beat our Queen. The best idol of all era!"
320,  @bbttsssbts6553, @Reyazas  (no hate to wonyoung)  but its your opinion not fact....
321,  @Reyazas," @bbttsssbts6553  How so? In my opinion, our Queen is the best. Not only future of Kpop depend on her. But korean beauty, fashion, lifestyle also depend on her. I never said anything about other idol except Queen Wonyoung friend like Yujin and all IZone member. N i am not hating anyone."
322,  @bbttsssbts6553," @Reyazas  but tbh,if you focus on the main point...its not so true or logical what you are saying.  Wonyoung is just a newbie and there are a lot of idols in kpop industry is way more better than wonyoung (no hate)...Visuals and Korean beauty isn’t everything in kpop. IFYOUKNOW YOUKNOW"
323,  @Reyazas," @bbttsssbts6553  i am also tryin to be honest. At least for me, what u said is just not much different than what older people said to Seo Taiji a way long time ago. I am sorry before if what i said offende u.

I just have faith that Kpop will evolving and shifting trend from time to time and our Queen will be in the front row when big thing happen. Am not pushing my faith nor hating anyone right?

For me, queen Wonyoung is not only about visual. She has a lot more than that. Am i will wrong?maybe. Am i have faith? yes."
324,  @shiningcarat9897, @Sianlee264  some people go crazy for a lipsync
325,  @stantxtstraykidsandseventeen," @shiningcarat9897  while I don’t agree with op, wony literally sang all her lines?? What r u on?"
326,  @itsavias,"​ @bbttsssbts6553 firstly probably you don't know but she isn't newbie 
She is veteran idol 
Also she is already called 1000 year idol along with GD only 
So that person cam say this it's his / her opinion"
327,  @dfggy,2:05 진짜 눈물 ㅈㄴ 날라 그럼.. 유진아 너 아이브 욕 먹는 거 신경 엄청 썼구나 진짜 개좋다 독기 가득찬 고음 ㅠㅠ
328,  @user-ke3sr8qe4p,"유진이 리즈는 진짜 미쳤네
이서 “길이거든” 이부분도 너무 좋음"
329,  @poseidonvenushathor2,really impressed by their vocals
330,  @Fairypower4u,"LIZ MY BABY YOUR VOCALS 
YAS MAMA"
331,  @Wheepupsdimple,Massive respect to IVE all of them are pulling their own strings! Love them and Leeseo really is a great performer at such a young age!
332,  @oscarishere8485,"YAYYY Our main vocal Wonyoung killing the stage!!Her live vocals are insanely good, no doubt she's one of the best vocalists ever!!"
333,  @Yeeeeeeji_n,"리즈, 유진 미쳤다"
334,  @user-ky1ki5kr1b,원영이 라이브ㅠㅠ노력하는 천재아이돌 어케 안 사랑해..? 모두 이번 활동도 건강히 즐겁게 잘 마쳐지길♡
335,  @stellakim5717,연습만이 살길이다라는걸 보여주는 성장한 라이브다!
336,  @user-vb1zf2vn7o,ㄷㅇ
337,  @---hi7eq,아무리 완벽하게 엠알제거가 안된다지만 이정도 하는거면 가만히서서 부르면 확실히 많이 는게 보여질거같음
338,  @vbdnls,I'm so proud of WonYoung 🥹
339,  @Hageum,와 라이브 쥰내 열심히 하는 거 보니까 호감도 981781919정도는 확오른다 졸라 멋있고 진짜 아이돌이구나 싶다 진짜 개대단해..
340,  @linda.818,"Finally!
Everyone of them improved so much, Yujin and Liz were wonderful, 
Gaeul showed us that her vocals are good too and Wonyoung and Leeseo did a really good job"
341,  @kimareum9847,아이브 실력 진짜 늘었네요
342,  @user-pb2ee9gu7j,"진짜 안유진,리즈 고음 라이브로 잘하는것도 너무 듣기 좋고 이서도 라이브 잘하는 편에 속하는거 같았다. 또 다른 멤도 최선을 다하고 실력도 너무 늘은거 같아서 좋다."
343,  @WIZONE-ze6qc,2:20 진짜 유진이 미쳤다….
344,  @na._.ra_0219,와 유진이 고음 쩐다
345,  @nicole-kc2rt,IVE SO SLAYYYYYY ️️ we LOVE the improvements! wonyoung improved so much i was surprised!!! 
346,  @user-sn6eo9do5s,나 아이브 너무 좋음 ㅠㅠㅠㅠㅠㅠㅠ 저 높은 음을 대체 어떻게 춤추면서 불러ㅠㅠㅠㅠ 다들 진짜 대단하다
347,  @mulfand76,Liz의 보컬은 매우 안정적입니다.
348,  @Torang_1201,유진이 싸비에 플라이 업 고음때 소름돋음..
349,  @ouweo,그건 싸비가 아니라 브릿지임
350,  @hanynu,​ @ouweo  ㄹㅇㅋㅋㅋㅋㅋ
351,  @mira-sz8nm,liz effortlessly hitting her high notes love her
352,  @pa_rang,음방 보면서 라이브 들리는데 울컥해가지고 엠알제거 찾으러 옴...ㅜㅜ 진짜 너무 잘하고 노래도 잘 뽑힘...ㅜㅜ
353,  @farrelf5242,The way they performed and sang in this performance is giving off SENIOR group vibe with more than 7 years of experience when in fact their debut was just a few years ago!!!
354,  @noleyn2557,"Omg Wonyoung is singing live, the world is gona end  just a joke, love you girl <3  See? Your voice is beautiful, dont be scared of sing"
355,  @user-bn4zb7kq9y,아이브 노래실력 엄청 늘었네ㅔㅔ
356,  @showmeyourmind7925,Ahn Yujin you're so amazing
357,  @_hongjwon8383,전반적으로 라이브 실력 진짜 많이 늘었고 완벽하지 못해도 라이브로 부르는게 진짜 훨씬 호감!! 앞으로도 꾸준히 라이브해주면 좋겠다 멤버 모두가 메보만큼 부를 수가 없으니 파트가 나눠져있는건데 유난히 너무 까내리는게 많아서 머글인데도 오히려 응원하게됨 계속 까리한 노래 내줘라~!
358,  @xaviechan,Liz never skipping a part is insane… she’s just that good…. She covered all her parts and even did the chorus.. I’m forever amazed… i hope she releases an ost
359,  @blossom5366,"Liz you totally became my bias after this, gosh her vocals, so beautiful "
360,  @user-ke5oh8iz8h,솔직히 기준 많이 낮아진 것도 사실이고 그렇게 잘부르는 것도 아니지만 라이브 한다는 점에서 칭찬하고 싶다 앞으로   더 잘할 날만 남았당
361,  @razzberryland_,"EVERYONE AND EVERYBODY SLAYED... I love my girls so much i-ting Gaeul, Yujin, Wonyoung, Liz and Leeseo !!!! Yes girls prove them stupid haters wrong ️️ AND DIVES DONT SLACK OFF EITHER KEEP STREAMING ~ I HAVE ~  let's give them many wins these girls WORKED HARD for this comeback !! I also miss Rei so much.... I hope OT6 gets to perform this song soon!! I-TING :)) "
362,  @HDEOR,리즈는 항상 열심히 하는모습이 보기 좋네 
363,  @hx_e102,"유진, 리즈님은 예전보다 훨씬 더 열심히 한 티가 나네요️ 고음 레전드! 그리고 이서님은 타고난 그 음색이 너무 잘 어울려요-!! 원영님은 가사 최대한 부르려고 노력하는 모습이 잘 보여서 좋았던 것 같습니다"
364,  @karinaaeae746,liz yujin are slayed 
365,  @elizabeth1351,Liz is the most talented girl!
366,  @gerezafeliciamaybongaresrm2932,Well done Liz such a stable vocals
367,  @TeeOfficial_,Yujin and liz carrying the reff part perfectly
368,  @asukatakimoto2770,2:19 YUJIN HIGHNOTE = HEAVENLY
369,  @ajouneur96,원영이도 논란이 많이 되었지만 그래도 예전보다는 훨씬 더 안정적으로 라이브를 해서 좋네아이브 대박나자!!!!
370,  @happy_opps,I love their voice
371,  @qwertyuiop7952,"I just want to remind non-dives that IVE sings live all the time even before the controversy. Like they have sang live more than other groups tbh  I don't even know how that issue became that big with just that one clip when i think they also sang live in that same show with another performance that day (someone's working hard tarnishing their name ). Anyways i knew they would slay this one as well, people only noticing it now because this specific song is vocally focused."
372,  @kayrishy,fr
373,  @user-mh1gq6hf9n,"와 리즈랑 유진이 개쩜 ㄹㅇ ,, 🫶 미쳣음  원영이가 후렴 소리내서 부르는게 들려서 너무 좋음 ,,  이서도 자신감 있게 불러줘서 너무 좋다 ㅠㅠ 가을이도 랩부분 잘해줘서 고마움 "
374,  @s.danial9363,Congrats for singing live! Also Liz is so so stable
375,  @x._01,전에 보다 다들 라이브 실력도 늘고 노력하는게 느껴저서 좋다..
376,  @user-qt8dg5pk2d,"갓기들 성장하고 있구나..! 이거지 이거야.. 아무리 가수라도 춤 추면서 라이브 하게 되면 한 번씩 음정 불안정하고 삑사리도 나고 호흡도 딸리고 하는 게 어떤 면에선 당연한 건데도 요즘 돌들은 삑사리 날까봐 두려워서 몸 사리다가 죽도 밥도 안 되는 걸 모름.  그래서 아이브가 와 존나 잘 했다, 완벽하다 이게 아니라 이런 모습 자체가 참 예뻐 보인다고 해야 하나.. 케이팝 고인물이 장담하는데 조금 불안정 해도 조금 부족해 보여도 이렇게 하면 금방 늘꺼다 진짜.. 아이브 같은 대형 신인이 완벽한 이미지 포기하기 쉽지 않았을텐데 정면 돌파하는 모습 진심으로 멋있음!"
377,  @ezequielll1748,WONYOUNG SINGING
378,  @lavienrosewon8811,Wonyoung sing multiples time....she have only 2 lines here...
379,  @cherreii_, @lavienrosewon8811  girl
380,  @mmyura3279,Bffr
381,  @laylahh9889,​ @mmyura3279  dont start
382,  @choychoy2968,Wonyoung are sing the chorus!!!!! Also lizzz sang super good!!! Hitting the high note and not skipping any of them
383,  @SSEL_RAEF,"YALL, LIZ AND YUJIN WERE THE ONES TO IMPRESS ME.  
I miss when Mr removed videos were really shocking, where they sound like the studio, but I have to remind myself that IVE is a new group and they just started performing,  they can't be as good as mamamoo"
384,  @pshfl,"honestly I feel like no group could be as good as mamamoo  but I think it's impressive how Ive managed to sing live for almost all their performances this year + them singing the chorus, I feel like most would just lypsync that"
385,  @user-dd6zc8wt6s,유진이  리즈 정말 잘부른다
386,  @Peppaberry,I LOVE LEESEO VOICEEEE
387,  @leewoojoo_,이서 성량 쩐다ㄷ
388,  @asheeamey4397,LIZ WILL SHINE WITH HER VOCAL !!!
389,  @user-cu5ob1zo8w,춤추면서 노래하는게 쉽지 않죠 하지만 댄스가수여도 가수시잖아요 춤연습만큼 노래연습도 하시길 바래요 아이브는 콘셉이나 노래 댄스 모든개 너무 독창적이고 멋져요 라이브도 멋지다면 세계 무대도 문제 없을거 같아요
390,  @1DerfulHazza,"omg, they have all improved a lot!! especially leeseo surprised me!!!"
391,  @qwerty-cr4kt,데뷔때부터 지켜봤지만 정말 많이 늘었다... ㅜㅜ 이번곡으로 곡 음역대가 넓어져서 퀄리티도 확좋아짐. 예전에는 노래가 트랜디하다? 걍 노래 자체가 개좋다? 이런느낌이었는데 이번꺼는 확실히 실력이 좋아진거같다..유진이 중심으로 리즈 잘 쓰면 될듯!! 생각보다 이서가 너무 잘해서 앞으로가 기대됨
392,  @user-nb2ek8qw5c,와..가수라고 할 사람은 리즈밖에 없네
393,  @idhamrahim2473,Liz voice so stable. Definitely my bias 
394,  @aquaamethysttears5183,Liz proving she is main vocal by her control. Kudos to Yujin for her vocal strength and to leeso for her consistency.
395,  @doyie_gf,LIZ IS OUR MAIN VOCALIST!!
396,  @user-uc8jg3vx8u,"와..고음 쭉쭉 올라간다...와 소름 쫘악... 
유진리즈 짱이다!! 아이브 짱!!!"
397,  @momorinrinirinn3709,Liz and Yujin carry the whole group on their backs
398,  @user-gs4tr7qe2i,다들 노력해서 성장하는 모습이 참 멋지다
399,  @user-cx5iu8qh8v,역시 라이브는 할수록 는다. 자신감도 생기고 욕심도 더 생길듯. 음 높은데 춤까지 추면서 이정도 안정적인 라이브면 앞으로 라이브로 크게 욕먹진 않겠네.
400,  @DandanG.,"To be honest, I don't like Wonyoung when she's in Izone (during her rookie days) but when she formed & proving and working hard together with IVE, I became not just a fan but airconditioner. hahaha  IVE FIGHTING!!!!"
401,  @seeseo2367,이것으로 라이브 얘기는 쏙 들어 가겠 군 잘한다 아이브 
402,  @Hellokittyzzang, @user-bm4pl1bj8e  어쨌든 라이브 얘기는 안나온다는거죠 이정도 보여줬으니? 저 높은 음을 춤추면서 하는 거 힘들어요
403,  @sjskdjdhvdbwbw, @user-bm4pl1bj8e  mr제거 영상에서 잘 들린다? '아이브 댄스 라이브 잘한다'가 맞음
404,  @user-nv8xu9kn1u, @user-bm4pl1bj8e 잘하는딘
405,  @user-nv8xu9kn1u, @cristandrew5965 잘하는딩…
406,  @ohmykamisamaaaa,​ @user-bm4pl1bj8e  음정 나쁘지 않은데 다 나간다 이러누ㅋㅋㅋㅋㅋ
407,  @sjskdjdhvdbwbw, @user-bm4pl1bj8e  원곡 안 들어봄? 똑같은데ㅋㅋㅋㅋ 유독 아이브한테만 기준 개빡세지 1군의 숙명인가
408,  @user-ch5dq9yf5m, @user-bm4pl1bj8e  캐플러팬 어서오고 ㅋㅋ
409,  @BaeBae4022,​ @user-bm4pl1bj8e  잘하는 건 아니긴 함 이건 인정해야됨 요즘 더 잘하는 아이돌들이 얼마나 많은데 갖다붙임
410,  @sjskdjdhvdbwbw, @user-bm4pl1bj8e  니가 여기서 이러고 있어도 아이브 라이브 실력 늘었고 리즈 그 높은 고음 지를 때 표정 또한 완벽했다는 건 변함없음 언제까지 하나하나 답변해주고 혼자 같은 말 반복할 거임?ㅋㅋㅋㅋㅋㅋ
411,  @Hellokittyzzang, @user-bm4pl1bj8e  안물
412,  @Hellokittyzzang, @user-bm4pl1bj8e  어쨌든 라이브 얘기는 안나온다는거죠 이정도 보여줬으니? 저 높은 음을 춤추면서 하는 거 힘들어요
413,  @sjskdjdhvdbwbw, @user-bm4pl1bj8e  mr제거 영상에서 잘 들린다? '아이브 댄스 라이브 잘한다'가 맞음
414,  @user-nv8xu9kn1u, @user-bm4pl1bj8e 잘하는딘
415,  @user-nv8xu9kn1u, @cristandrew5965 잘하는딩…
416,  @ohmykamisamaaaa,​ @user-bm4pl1bj8e  음정 나쁘지 않은데 다 나간다 이러누ㅋㅋㅋㅋㅋ
417,  @sjskdjdhvdbwbw, @user-bm4pl1bj8e  원곡 안 들어봄? 똑같은데ㅋㅋㅋㅋ 유독 아이브한테만 기준 개빡세지 1군의 숙명인가
418,  @user-ch5dq9yf5m, @user-bm4pl1bj8e  캐플러팬 어서오고 ㅋㅋ
419,  @BaeBae4022,​ @user-bm4pl1bj8e  잘하는 건 아니긴 함 이건 인정해야됨 요즘 더 잘하는 아이돌들이 얼마나 많은데 갖다붙임
420,  @sjskdjdhvdbwbw, @user-bm4pl1bj8e  니가 여기서 이러고 있어도 아이브 라이브 실력 늘었고 리즈 그 높은 고음 지를 때 표정 또한 완벽했다는 건 변함없음 언제까지 하나하나 답변해주고 혼자 같은 말 반복할 거임?ㅋㅋㅋㅋㅋㅋ
421,  @Hellokittyzzang, @user-bm4pl1bj8e  안물
422,  @user-owl_mameta,ユジン姉さんが高音も全力で出しに行ってるのカッコよすぎるしイソちゃんそんなイメージなかったけどめちゃくちゃ声量あってすごいと思った、、
423,  @hestia7639,그래도 예전보다 많이 좋아졌다.. 이런게 아이돌이지 갈수록 실력도 점점 성장하고 성숙해지는게
424,  @goodday3150,그렇죠. 얘네도 기계가 아니고 사람인데. 처음부터 완벽하긴 어렵고 점점 더 발전하게되기 마련이죠! 이번에 특히 보컬실력까지 다들 많이 좋아졌어요! 대단해요
425,  @Ruzioxcbk,YUJIN  AND LIZ IN THE CHORUS OMG!!
426,  @user-it3zv9ev3m,성장 이란 말은 아이브를 두고 하는말.. 라이브에 신경쓴거 많이 느껴진다. 그래서인지 감동이 두배 가슴이 웅장해진다
427,  @connectetc5225,I love leeseo voice
428,  @indragumilar161,"하이노트 유진이 정말 했다 
너무 잘해 우리 유진니 "
429,  @hmingteisailung3781,Ann Yujin and liz voice 
430,  @dubu_sunyeon5209,"They improved so much, loveu my iveuu 🥹🩷🩷"
431,  @jdollatheg,How do you start a song out of breath.. but Leeseo Liz and Yujin ️️
432,  @chq2252,":( imagine having to sing those high notes every single day while dancing to promote the song. Their poor throats, i hope they are taking care. Well done girls!!"
433,  @kinggyuzizi,
434,  @Elle-xi1gd,Yess but the mics were just very loud during this specific performance compared to the other stages they did for 'I am' so far. You could clearly tell their voices apart from the backing track in the regular video of this stage when usually they match the volume so it blends in meaning they might've sang way more parts than they otherwise would need to.
435,  @Lynn-oh3tp,it's singers' job anyways
436,  @AnnaCatTCo,"​ @Lynn-oh3tp  their job is also to take care of themselves, who would sing if they are sick??"
437,  @yukispomu, @Lynn-oh3tp  and singers are not stupid to just always belt and force themselves. they still need to look after themselves.
438,  @chq2252," @Elle-xi1gd  yes I've watched most of their promotion performances, i think most of them sang live for every single one so far, definitely the high notes anyways. But true in this stage it was louder"
439,  @WJSNfan,와 독기가 보여서 너무 무대보는재미가있는데 라이브까지 완벽하다 ㅠㅠ
440,  @user-fu8uf2ds8o,이렇게 여러명이 보컬 수준을 바닥으로 깔아주는데도 단 한명도 안돋보이는게 대단함
441,  @user-if2ec4cr7k,리즈 진짜 메보로 최고에오ㅠㅠㅠ
442,  @G_ardenn,장원영 미쳤네 진짜 이제 완벽하네
443,  @carrie5194,2:04 is heavenly omg
444,  @__-wl4ds,서로 불러주고 보완해서 똘똘 뭉쳤음 뭉클
445,  @imiliily7601,Liz sings so well
446,  @asheeamey4397,AMAZE WITH LIZ LIVE VOCAL !!!!!!
447,  @user-by9wq3ey1k,노래도 높은데 이서 발성 진짜
448,  @user-jc3xw2mb5m,다잘하는데? 춤추면서 이정도면 진짜 잘하는거아닌가
449,  @mk7046,Wonyoung 
450,  @user-wi5my6sm2g,리즈가 원래 메인보컬임? 진짜 존나 잘한다
451,  @jolene4702,넹
452,  @user-le5dc7zu8u,"아이브 포지션 없음...그럴거면 레이 메인래퍼, 유진 메인댄서도 취급해주던지"
453,  @letissarie,"Honestly, on choruses it’s all about screaming than harmonizing… but it’s cool that all of them singing live "
454,  @hwasasthighs1411,Yujin and Liz slay
455,  @yangaeqi,와 이제 진짜 가수다 너무 멋지다
456,  @krystalize442,Gaeul slayed the rap
457,  @user-kx9tu8um5s,"라이브 많이 늘었네~
앞으로 열심히 하자 아이브!"
458,  @asukatakimoto2770,"Moving fast while singing in a low pitch does make it a little difficult. but isn't this Wonyoung singing on Galaxy 0:50 and Fantasy 0:55 lyrics? cuz I can hear her voice, at this minute her voice looks clear tho 2:07. the choreo for the song I AM is very powerful, IVE has tried live vocals, and it's a pride for me. Don't forget they also do Kitsch live

Anw, thx for ur reply and now I know if that is our maknae Leeseo <3"
459,  @Pearlyyy0,Both were from Leeseo I think (they have similar voices but more like Leeseo to me) “be a writer” sounded more like Wonyoung to me
460,  @asukatakimoto2770," @user-hl5kf5ny7k  I'm not saying Wonyoung replaced An Yujin in that part. But I heard that there are other sounds besides yujin and liz that are heard, like 2 layers of voices singing. I just asked if it was wonyoung's voice or not, and also can you use english? what if I misinterpreted your comment"
461,  @asukatakimoto2770," @Pearlyyy0  yes, they both sound similar. thats why I asked because in that part Wonyoung was the one who was seen singing (besides Liz and yujin)"
462,  @rose_karina_hanni,that leeseo
463,  @lavienrosewon8811, @rose_karina_hanni  this is wonyoung...
464,  @mmyura3279,Yes it's her
465,  @laissa9372,it's all of their voices together
466,  @tct8305,i think it sounds more like leeseo but idk
467,  @michaeleleazar533,Guys it might have been leeseo and wonyoung singing the chorus but wonyoung is the lead.
468,  @jeongyeonshighnote3795,I feel like both Leeseo and Wonyoung were singing the chorus and of course with the two main vocals Liz and YUJIN heavily leading
469,  @catluvrlili,in 0:58 ish (in the original video from sbs ingikayo at 1:33) you can hear wonyoung’s voice at “big big stage” and you know it’s not leeseo because her mouth isn’t moving at that part behind yujin  in the official video
470,  @WIZONE-ze6qc,아이브 진짜 노력이 느껴진다 모두
471,  @name_da,노래가 진짜 높은데 소화하는거 진짜 멋있다
472,  @user-uu6ju7pc5e,이번 활동에서 리즈 역량 다 보여주는거 같아서 너무 좋다 ㅜㅜㅜ
473,  @user-iq2iy1sh5g,라이브 많이 늘었다 진짜
474,  @dolche8398,실력까지 완성형...갓이브
475,  @yangaeqi,"i am 노래 너무 좋아서 무대 찾아보다가 엠알 제거가 피드에 떠서 컴백 첫주에 무슨 엠알이여.. 하면서 반신반의하면서 들어왔는데 와 안 들어왔으면 후회했을 듯.
안유진 리즈 이서 노래할 때 마다 쾌감 쩐다
나도 열심히 살아야 깄다는 에너지가 확 생김"
476,  @nhawalmacacuabalo3464,Liz really slayed this one
477,  @mingdu000,후렴부 미친 아이브 이번 활동도 화이팅!!!
478,  @ChubbyBxnny,1:18 leeseo did amazing!
479,  @kyung25,와 리즈랑 유진이 고음 안피하네. 진짜 리즈랑 유진이만 원탑으로 파야지ㅜㅜ 진짜 유진이가 fire에서 어떻게 부르는지 넘 궁금했는데. 고음을 더 잘하네요!
480,  @mmmkkk5544,fly up
481,  @user-wb1vm5qq3f,Wonyoung is so stable🥹
482,  @urijipapbakgu01szxksk,다 너무 잘해.. 춤도 격한데..
483,  @mora_eh,이서 왤캐 잘해ㅠ
484,  @AnnaCatTCo,Wonyoung didn't skip any in her lines️️
485,  @dila3402,If you can hear wonyoung skips her parts
486,  @thatoneperson731, @dila3402  she didn’t
487,  @dila3402, @thatoneperson731  she did
488,  @thatoneperson731, @dila3402  which one?
489,  @stantxtstraykidsandseventeen," @dila3402  go on, put a tIMestAmP where she did then "
490,  @dila3402, @stantxtstraykidsandseventeen  she didnt sing her all parts
491,  @stantxtstraykidsandseventeen, @dila3402  I Fond it funny how you’re repeating the exact same sht and not giving a timestamp
492,  @dila3402, @stantxtstraykidsandseventeen  i think you can hear first verses all
493,  @stantxtstraykidsandseventeen," @dila3402  so you came around? I agree the first verses are definitely hearable. Which completely disregards your previous points. Which means, wony indeed did not miss any of her lines. Nice talking to you."
494,  @dila3402, @stantxtstraykidsandseventeen  she miss :))
495,  @dila3402, @stantxtstraykidsandseventeen  and she is bad at live singing :):))
496,  @valenciafaustine7611,my girls improve alot. ive hwaiting
497,  @user-it6yj5ur1h,음원으로는 너무 황홀한데 이걸 어떻게 라이브하나 했는데 리즈는 거의 똑같네..!!!
498,  @user-fw5go6rc7k,"이번 라이브는,,진쨔 개잘했다...
역시..4세대 아이돌은 변하지 않네"
499,  @tsukuyomi3683,Omg Liz at 2:38 she slayed the high note 
500,  @user-yt5nj1gp7j,고음 지르는거 진짜 힘들텐데 열심히 하는거 대단하다
501,  @yangju_love_you,부족한 부분 있어도 노력하는 모습보이는게 너무 좋다! 실력이 갈수록 늘어가고 있어 앞으로도 화이팅
502,  @baenbaenbaen4189,이번에 올라이브 무대 덕분에 더 팬되었음 ㅠㅠㅠ 이렇게 진정성있는 무대 해주면 너무 좋지 ㅠㅠㅠ
503,  @user-vt9ds4ov9n,진짜 다들 열심히 한다.. ️‍️‍️‍️‍
504,  @Ohdesolg,As always Liz is the best
505,  @ihanijj,원영이 잘한다ㅏ
506,  @CocinaFeten,"This song is a poisoned apple because of its complicated timbres, even so I love them, their voices sound good, with more experience nail the acting!!"
507,  @user-yu5bg9gl3k,다들 노력한게 보여서 마음 찡함…ㅠㅠㅜㅜ 멋지다
508,  @mathtest_no1,와 진짜 잘들린다
509,  @user-fx5wr8en3h,"와 진짜 라이브 하니까
아이돌같아!!이쁘다
이서 레이 장원영 안유진 리즈 가을!!!"
510,  @user-qe5bp1rb6m,레이 음색이 예쁜데 이서는 전부터 잘한다고 생각했는데 고음파트 많이 불렀잖아요 회사에서도 믿고 맡긴거같은데 앞으로 계속 성장할거임 유진이는 ㅍㄷ때부터 잘하는거 알았고 리즈가 메보인데 고음파트도없고 파트가적어서 아쉬웠는데 이번엔 만족함
511,  @lil_med,와 무대 보면서 후렴에 원영이 목소리 빡 들리길래 진짜 원영이 목소리가 에이알 베이슨 줄 알았음 진짜 불렀네 대단하다...
512,  @user-wl6pl9ke5l,"숨이 가빠서 고음이 잘 안올라가니까 너무 높은 파트는
좀 쉴수도 있는데 리즈는 고음도 잘 올라가네ㅠㅠ"
513,  @user-gg2wx9zu3z,이서 자신감 가지고 열심히 하는것봐..너무 기특하다
514,  @Banny_tv,와씨 아이브 라이브 왤케 잘하나규!!
515,  @dianad470,“Way~~~” 부분 음색 듣고 싶었는데 이 부분은 라이브가 아니었구나ㅜㅜ 근데 리즈 목소리 너무 좋다
516,  @vincenttart3765,I'm fuck!ng shocked with Liz's vocals. She is so talented
517,  @user-yy1ey1wp1w,"지금까지 솔직히 억까가 심했던거고 대학축제 다 라이브 하면서 돌아다녔음....
애초에 안유진이 앚 시절에 라이브 제일 잘하던 멤이었는데"
518,  @IAmJaeLee,"Tbh I wasn't a fan of Wonyoung because in the past she's the only one not efforting to sing live. But props to her, she finally did. While it was not excellent, this is 1st step in improvement - TRYING. So keep it up !"
519,  @faheemmughal2010,"It's actually Liz era and she killed it.   
So proud of u liz"
520,  @mulfand76,놀라운 보컬
521,  @hyenzell,와 리즈 진짜 사랑해 ㅠㅠ
522,  @user-qr8xi6ck2j,부족하다는 피드백에 열심히 노력하고 성장하는 그룹 같아서 응원하게되네요  다음 앨범이 기대됩미당!
523,  @zzl8969,리즈 라이브 대박
524,  @user-gb1tm2if7t,항상 최선을 다해 부르는 유진이가 너무 대견해 ㅠㅠ 라이브 잘한다 못한다를 떠나서 (물론 잘함) 항상 열심히 이악물고 하는게 보임..
525,  @HUGTH,"확실히 원영이는 굵고 진한 저음을 낼 때가 가장 매력적인 보이스를 창출(?)해낼 수 있는 사람인 것 같음
보컬로 원영이가 잘한다기에는 다소 미흡할 수 있어도 개인적으로 그렇게 생각함"
526,  @sydcogghiff-zr1fl,맞아요ㅈ음색자체는 좋음 음역대가 낮을뿐이지
527,  @HUGTH," @sydcogghiff-zr1fl  맞아요 프듀 처음에도 저음이엇고, 프듀 후반 녹음 작업에서는 음이 많이 안 올라가서 힘겨워햇던 기억도 나요."
528,  @sydcogghiff-zr1fl,맞아요ㅈ음색자체는 좋음 음역대가 낮을뿐이지
529,  @HUGTH," @sydcogghiff-zr1fl  맞아요 프듀 처음에도 저음이엇고, 프듀 후반 녹음 작업에서는 음이 많이 안 올라가서 힘겨워햇던 기억도 나요."
530,  @byee6246,이서 목소리가 제일 잘들리네 ㅋㅋㅋ
531,  @user-ns1qg4mp6o,어우 춤추면서 저리 부르는거 힘들텐데... 리즈 최고당
532,  @user-ry4nc9ii6i,후렴에 장원영 목소리 들리는 거 듣고 진짜 귀를 의심했음 성량이 이렇게 좋았었나...? 연습 진짜 많이 했나보다
533,  @changoacnt4635,후렴 이서임..
534,  @user-ry4nc9ii6i, @changoacnt4635  예..? 그런가요? 제가 막귀라.. 
535,  @rbfl0520, @user-ry4nc9ii6i  비음이 많이 들리는거 보니 이서 같아요
536,  @lavienrosewon8811,​ @rbfl0520  wonyoung have nasal tone but less than leeseo
537,  @ouweo,춤을 간소화하고 음을 낮추니까 장원영도 자기 파트 잘 부르넹 앞으로도 이렇게 하면 좋겟다
538,  @hm9940,リズとイソの声量が素晴らしい。
539,  @kinggyuzizi,Liz is the only one who sang all the parts including high notes
540,  @tmspx579,I can see wonyoung's improvement.
541,  @user-id2qo1ro6m,유진 고음 열일중;; 고음만 있어서 목나가겠다
542,  @user-vi3sb5dj7t,가수들이 아무리 연습하고 무대서 컨디션이나 녹음할때랑 다를수있죠 저정도면 신입치고 잘하죠 솔직히 얼마나 떨리겠어요 아무리 연습생 시절  길어도 실제 무대에 오르고 라이브하고 안무하고.. 모든지 실전에서 해보면서 는거죠.. 첫무대부터 완벽하고 잘하는가수는없죠..  화이팅
543,  @sarikim1393,they really eat this song perfectly! so what haters about 'they never sing live' if  they watch this video? see this and go away from our ive. they can sing live well and they have good songs soo stay mad haters ive 
544,  @songkangg,열리는건~ 할 때 ’열‘에 리즈 목소리 너무 좋다
545,  @lingmo7254,"아니 리즈가 애초에 메보인데 ㅜㅜㅋㅋㅋㅋㅋㅋㅋ 진짜 드디어 제대로 보여준거 같아서 너무 좋음 
제발 앞으로도 파트 많았으면 …^^"
546,  @user-le5dc7zu8u,아이브 포지션없다고
547,  @teume1210,God Liz just killed it
548,  @user-sc7gv6vh2q,리즈가 딱 가수 그 자체네. 리즈는 그냥 넘사벽으로 제일잘하고 그다음 유진이도 잘하고 원영은 생각보다 괜찮고 이서는 목소리 자체가 노래 잘할 스타일은 아닌거 같은데 그거에 비하면 뭐 나쁘진않은거같고 가을도 그냥 나쁘진않음.
549,  @dessie123,Liz saved all the high notes ️
550,  @Channel-co6bs,유진이랑 리즈 목소리만 듣고 싶다ㅠㅠ 진짜 이 둘 너무 장하네
551,  @wonjongkong7085,독보적인 비주얼 그룹인데 라이브가 많이 아쉽군요...완벽할순 없군
552,  @cathumanised8986,"음역대가 굉장히 높은 편인 내가 3옥 라가 한곈데 이걸 춤추면서 부르는 당신들은 대체.. 노래 직접 불러봤는데 여돌 노래 중 역대급으로 높은거같아요 ,, 그 중 최고음 파트들 소화해낸 유진 특히 리즈 다시 봤습니다"
553,  @melisacastillo2612,Es la voz de Liz en los coros
554,  @jkkim6677,"안유진 고음 대박
이중 제일 고음 잘하는것같아용(개인적인 의견입니당)
ㅎㅎ"
555,  @user-fz6tx9gx7e,가을이 왤케 잘하냐..
556,  @warmth-21,애들 다 열심히 부르니까 훨씬 좋다진짜…..
557,  @user-zg9mh5gh4p,리즈 목소리 나오니 천상인가..ㄷㄷ 유진이 열일한다
558,  @user-yn7mn7uz7k,이번에는 이서의 성장이 제일 대박임
559,  @user-yh7yg2cj8c,리즈야 진짜 미쳤다 ㅠ_ㅠ 깜냥이 너무 멋있어
560,  @user-qj4rl3se3f,이서언니 잘한다
561,  @user-rg4vl2bs6q,여러번 걸쳐 촬영하는 사녹에서도 라이브하는거 드문데 마인드 자체가 좋게 변해서 보기 좋음…
562,  @eh3uxhru3j,오구오구 장하다 우리스타쉽공주들
563,  @carrotyu8791,Wony has really improved a bit omg
564,  @user-qh2wg1ij9q,아이브 너무 잘해
565,  @bde2011,이서 진짜 많이 늘었다ㅠㅠ
566,  @user-zz6nz3yy9r,인가 라이브 대박이었네...
567,  @yt_iman,"Yujjn, the main vocal."
568,  @lago9842,솔직히 잘부르는건 아니지만 부르는게 너무 멋있다 최고야
569,  @user-fo9ke5jv7l,춤추면서 부르는데 저정도면 잘하는거지
570,  @lago9842, @user-fo9ke5jv7l  저정도보다 잘하는 아이돌 널림. 객관적으로 봅시다 팬이여도 양심이있짆아요 우리
571,  @lago9842, @user-fo9ke5jv7l  리즈 한정 말하는거면 ㅇㅈ
572,  @user-fo9ke5jv7l, @lago9842  노래방가서 저노래 불러보사ㅋㅋ 엔믹스노래보다도 2배는 어려운데 ㅋㅋ
573,  @user-tp8zi1zs1m, @lago9842  4세대에서 누가 널림?ㅋㅋㅋ 스테이씨 잇지 엔믹스말고 없음ㅋㅋㅋ
574,  @user-sw8jh8dk2x,역시 논란을 찍어버리는 아이브의 실력파 모습 잘보았다!!!
575,  @OH7la,아이브 노래실력 진짜 늘렸구나..노력하는 것이 제일 대단하다 생각함 조금만 더 힘내면 ㅇㅁㅅ 같이 될수 있을것같다..고음 파트도 좀 연습하고..
576,  @user-kf7go7vq1z,노력과 실력이 보이네요.^^
577,  @nodripak3565,리즈. 진짜 짱이네요.
578,  @Useri77u7u7,Lol why is every mr removed I hear different? I’m more than convinced that they’re not accurate. Still they SLAYED
579,  @Useri77u7u7,Also it’s becoming very obvious that you’re editing wonyoung’s voice bc why am I hearing her on other mr removed??? Meanwhile this channel every wonyoung vid is edited  it’s so funny bc ppl are so stupid
580,  @hioajwkwi2607,Mr removed are the same as general separating vocals from Instrumental in studio version of the song. Usually they show too much live singing or clean too much.
581,  @mmyura3279,Yes Mr removed r not accurate
582,  @jagiyaforsannie,"yes, they are really inaccurate. its impossible to clean accurate live singing from the instrumental"
583,  @Useri77u7u7, @jagiyaforsannie  yup so the thing I don’t understand is why ppl drag these idols for their voices 
584,  @MochieeeMoon," @Useri77u7u7  exactly, every video I hear is different. In one mr removed, it look like wonyoung wasn’t singing (DON’T HATE ME, WONYOUNG IS MY BIAS, it’s just from my observation) https://youtu.be/cvQ3bimO-Lg . But then in another mr removed of the same stage, wonyoung was singing. https://youtu.be/I30uQpiJUbg Every mr removed  video is different "
585,  @hyeongieemrremoved9763,Currently there are many mr removed channels but most of them are fake mr removed. They just removed the instrumental
586,  @hyeongieemrremoved9763,"Some channels you can trust are BHK, ReMiyaa, Lem Castle, Lyma"
587,  @user-cx6qd9lu1e,안유진이랑 리즈가 미쳤네
588,  @djdjane8401,it's no longer surprising how Liz didn't skip any line while singing her part
589,  @user-mq3vm7xh6h,리즈 유진은 진짜 잘하넹
590,  @4ulove946,"리즈는 올라갈 때  힘겹게 올라가서 
음이 살짝 씩 플랫되는게 조금 아쉬움 
좀만 단단하게 훈련시켜주면 정말 좋을 듯. 
미래가 정말 기대되는 이서 
유진은 워낙 음정정홱히 탁딱 찍워줘서 속이 시원함
원영이도 저음 음색좋고 가을이 랩도 좋고
아이브는 정말 다 좋은듯 
레이만 얼른 돌아오자"
591,  @user-ce6hp6go7r,음 리즈가 아쉬우면 다른애들은 음음
592,  @user-gx6ek3hl6h, @user-ce6hp6go7r  다른 애들은 플랫 별로 없나보지ㅋㅋ
593,  @parkhyunae3547,아이브 성장 너무좋아 .~~^^응원합니다.
594,  @lovejr29,원영아 잘했어!
595,  @user-jt3xn4cm1f,원영이도 저정도면 1인분 하는 것 같은데 사실 1인분도 아니고 후렴구 파트도 부르고 성량도 커짐... 나였으면 내가 노래만 하면 흠집부터 잡는 사람들이 득실거리면 무서워서 노래를...못부를 것 같은데 그러지않고 더 성장해가는 게 멋있는 것 같음
596,  @changoacnt4635,후렴구는 이서가 부르는 거예요..
597,  @user-up9md1im6w,​ @changoacnt4635  장원영 목소리 떡하니 들리는데...좀 그만좀하세요!!!!!!!
598,  @tv-bv5qw,원영이 실력 많이 늘엇다 이렇게 잘부를거면서 이때까지 왜 안부른거야ㅠ
599,  @lyeyun1642,이서도 그렇게 잘 부른다고 생각한 적은 없었는데 이번 활동 때 이서가 특히 더 돋보이는듯
600,  @vlog-zh4ob,리즈 이렇게 잘하는데 파트 좀 많이 줘라 ..
601,  @fimmiess02,유진이랑 리스 진짜 진짜 !!!
602,  @user-on1uy5dy6g,"이서님은 진심 노력한게 개많이보인다;; 유진님,리즈님는 언제나 잘하신다"
603,  @user-qi6dn1xi2v,리즈랑 유진이 라이브 탄탄하니까 걱정없네
604,  @haleycho6443,걍 일반인이 노래방에서 부르는거랑 뭐가 달랔ㅋㅋㅋㅋㅋㅋ그 와중에 리즈 진짜 노래 잘부르네....
605,  @user-le5dc7zu8u,그건 소음이지
606,  @user-uf7sm7bb1b,이서가 진짜 많이 늘은거 같다..어려서 더 가능성 창창한듯
607,  @rinne1234,clean quá ạ 
608,  @cookie_cake1055,Ya'll wonyoungs progress <33
609,  @minwonruuu2283,Leeseo!! Woah!!!
610,  @user-zn3si7nu2e,리즈역시 잘불러 ㅎ
611,  @user-fb1su8fm4w,노력하는 사람은 정말 반짝반짝 빛이 나는구나
612,  @user-qo9vu5zt9q,그래 라이브 못해도 괜찮으니깐 불러… 부르니깐 노력이라도 하는 것 같아서 예쁨…
613,  @yelloudaisy,lizzzzzzzzz power dan stabil suaranya gooooddd
614,  @user-vr4fl9qt4v,와 노래 진짜 늎던데 진짜 잘한다
615,  @kimsulty,이서 너무 귀여워서 미쳐버려ㅋㅋㅋ 노래도 야물딱지게 부르구 아이구 아가
616,  @miruo_belle,ウォニョンめっっっっっちゃ安定してて泣きそう
617,  @AM-xk5fs,WONYOUNG WITH A FACE LIKE THAT WHY YOU WORKING HARD PRINCESS
618,  @user-ts2jc4cs3d,역시라이브도잘하는아이브!!
619,  @han-xn7bb,"후렴 리즈랑 유진이만 부르는줄알았는데
엠알제거 들으니까
이서도 부르네 음색이 특이해서 들린다 이서 목소리"
620,  @loeynahc7828,Liz so stable
621,  @user-qx2ol3qe4i,리즈랑 유진이 너무 잘하네
622,  @trietvo685,yujinnnn!!!!!!
623,  @BLACK_PEARL_,굿굿  멋지다
624,  @user-ss9pk5cx5c,유진이랑 리즈는 최고다!!
625,  @user-yb5kr7wd4p,그래도 이젠 다 열심히 부르려고는 하네… 바쁠텐데 발전한 모습 보여줘서 좋네요
626,  @myteaisgood,리즈 ㄹㅇ 개잘한다
627,  @user-nq5xb4tp7f,아이브 갓리즈
628,  @narmakim139,Previous stages they are so good? Maybe they are tired in this performance. Their performances are really good than this. But Wony's singing is good today
629,  @user-fc5eb5fs8r,아이브는 행사나 축제 연말 축하공연등 라이브 엄청 많이했어요 심지어 지금 욕먹는 장원영까지 그런데 무대하나로 프레임 잡혀서 지금까지 라이브 안했던 걸그룹으로 만들어놨네요 심심하면 찾아보세요 축하공연 축제 라이브 영상 한두개가 아니니까
630,  @Nuclear_Launch,​ㅇㅇ 느그 10진스는 아예 못 함
631,  @user-pj4eg8ww7k,잘한당 … 애기들 ㅠㅠㅠ
632,  @_ming._.,가수라서 노래를 잘해야하는건 맞지만 저는 그냥 앉아서도 이 음 안올라가요 ㅋㅋㅋ 근데 이걸 춤추면서 라이브하는데 이정도면 잘하는거죠
633,  @yonseisarang,"저는 의학에 대해서 아무것도 모르는 의학드라마 애청자인데.
  와 저 외과의사는.. 맹장수술을 거지 같이 했지만.. 수술이란 것을 해냈네요..  저는 프로그래머가 아니라 프로그램 못 짜요.. 와 근 데 저 분은 3초면 끝날 프로그램을.. 30분 걸리는 버그 겁나 많이 나는 프로그램을 만들었네요..  저는 문과라서 미분방정식 못 풀어요.. 와 근데 저 수학과 교수는 미분방정식을 답은 틀렸지만.. 풀어보려고 노력했네요.. 이거랑 도대체 차이가 뭐야? ... 
저는 일반인이라서 노래방에서 춤추면서 저렇게 노래 못해요.. 와 저분은 저 춤을 추면서 소리란 걸 냈네요.."
634,  @yonseisarang,김성근 감독이 이야기했지.. 돈 받으면 프로라고.. 돈 안 받는 장기자랑에서 했으면 칭찬 받지.. 근데 돈 받는 프로잖아..
635,  @underwood418,​ @yonseisarang  최강야구 애청자 ㅋㅋ
636,  @yonseisarang, @underwood418  저도 최강야구 좋아해요
637,  @phapha5648,이서가...의외네 잘한다
638,  @user-yf1qo5ft9l,리즈가 진짜 메인모컬이네
639,  @user-hy5kl1yk4q,"난 솔직히 안유진 노래 잘부르는거 몰랐었거든 안유진 노래 잘한다는 사람들이 날 상대로 몰카하나? 이런 생각들정도로 솔직히 이번 활동말고 그전까지는 솔직히 안유진 노래 잘한다고 올려치기하는 사람들이 많아서 좀 어이없었는데 이번엔 안유진 완전 잘했음 확실히 고음도 듣기 편해졌고 노래 부를때도 듣기 좋고 확실히 늘었음
그리고 리즈는 데뷔때부터 노래 잘부르는거 잘 알고있었고 애프터라이크 활동때 소속사에서 애들 녹음할때 영상 올린거보고 리즈만 잘한다고 생각했었고 리즈가 노래를 젤 잘부르는데 왤케 파트가 없나 싶을정도로 좀 많이 어이없었는데 이번에 키치 파트도 없는거 보고 얘네 소속사는 잘하는 애를 파트를 안주고 노래 못하고 인기멤한테 파트를 주는구나해서 아이엠 파트도 리즈는 없겠지 했는데 드디어 잘하는 애한테 파트를 많이 줬구나했고
가을은 일레븐 러브다이브때는 크게 띄는 멤버가 아니라서 몰랐는데 애프터라이크 무대영상보고 애프터라이크 내 장점이 뭔지 알아 바로 솔직한거야 이파트 너무 잘 살렸다고 생각했는데 녹음영상보고 너무 달라서 뭐지?싶었는데 이번에는 그 파트때보다 잘해서 괜찮다 싶었고
장원영은 확실히 고음보다는 지금 파트 음역대에서는 장원영이 잘살리는거 같다 싶었음 얘도 솔직히 고음만 아니었으면 이렇게까지 욕먹었을까 싶음 러브다이브때도 노래를 너무 잘살려서 러브다이브때는 욕을 그렇게 안먹었는데 애프터라이크때 고음을 못하는데 고음 파트를 장원영한테 줘서 욕을 너무 많이 먹어서 이번에도 설마 장원영 파트 고음파트준거 아니겠지 했는데 딱 장원영이 살릴 수 있는 파트를 맡아서 괜찮았음 이제부터라도 장원영한테 맞는 음역대 파트를 줬으면 좋겠음
이서는 확실히 일레븐 러브다이브 애프터라이크때도 그냥 잘하네 괜찮네 싶었는데 이번에는 확실히 더 늘어서 얘는 노력형이구나 했음 솔직히 이서가 안유진 리즈한테 가려져서 모르는 사람들이 많지만 애프터라이크때 리즈 이서 레이 이렇게만 칭찬 댓글이 많았었던걸로 기억함 이 셋이 젤 안정적이게 부른다는 말도 많았었고 이서가 스트로베리문 그 노래를 못 불러서 사람들한테 욕먹은거지 아이브 컴백할때마다 이서는 그래도 자기파트는 잘 불렀었음"
640,  @uesr-fmo1kd9,이서 별로 취향 아니었는데 목소리 큰 거 귀엽다
641,  @_o.x_,ㄹㅇ 잘하는데 뭔가.. 뭔가 잘한다 보다 귀엽다가 먼저 나오게됨ㅋㅋㅋ
642,  @nurulizzati2285,Liz vocalssssss
643,  @user-js3kv8mw8h,리즈 잘한다!!!!!!!!!
644,  @user.first.member1,안유진 지린다
645,  @wizone_nctzen,하이라이트에서 원영이 목소리 들리는거보고 감동받음
646,  @anobody5195,Do all you haters  hear wonyoung in the chorus
647,  @louieya9190,She is loud and proud️
648,  @user-gm1mf7om3y,리즈 잘한다
649,  @zheyezhe,Yujin ate so hard and Leeseo omg the progress
650,  @hwasasthighs1411,Damn yujin voice
651,  @haehae008,이서 왜이렇게 잘함???
652,  @user-bk5mj8mr6w,사전녹음도 아닌거 같고 ㄹㅇ 라이브같은데 잘하네?
653,  @parapluie00,WONYOUNG LETS GOOOO
654,  @skdo0415,리즈랑 이서 라이브 너무 잘한다. 리즈는 mr 수준이네
655,  @hdkim66,다 열심히 해서 예쁘다. 라이브로 좀 떨어지면 어떠니. 몸을 격렬하게 흔들면서 노래하는 게 쉬운 일은 아니잖아. 수고했다 아기들아.
656,  @zzory._.,가을은 진짜 노력이 필요함..
657,  @hyun0luv,2:15 여기 이서 미쳤어 너무 잘해
658,  @ekchiefify,노래방에서 탬버린 치며 노래하는 것도 힘든데. 대단하다! 리스펙 아이브
659,  @xxxPDB,이서 대박이네
660,  @ws7eyd,이정도면 이젠 까일 실력은 아니구만..ㅋㅋ 다들 아이브한테만 라이브 ㅈㄴ 집착하고 각박한듯..ㅋㅋ 평가단 납셨어..
661,  @10djrqkerh1dlsrlghlrtk,까는 애들 70퍼는 릇저씨일듯 
662,  @cloverjell,리즈야..넌 최고야
663,  @user-ii1fj6qv7m,이서 감기걸렸는지 직캠보니 코 훌쩍 거리던데 ㅠㅠ 목소리가 조금 코막혔구나 .. 얼른 감기 나아.. 너무 잘하고있어!
664,  @lt-qy7le,이서 개잘하는데 왜 언급 별로 없냐
665,  @interiordecordesigntrendar2185,"실력이 좋으면 더 이뻐보이는 건 국룰.  아무리 이뻐도 실력이 많이 저조하면 다르게 보임.. 이건 어떤 분야해서 일하든 마찬가지임. 어떤 분야든 실력이 우선이고, 외모까지 좋으면 많이 갖춘 사람이고, 아이돌들은 외모가 매우 중요하나, 본업이 가수이면 실력이 좋아야 함. 자연스럽게 노래 잘 부르는 맴버에게 눈이 가는 것은 사실이네.. 가수는 노래부르는 사람이니까..."
666,  @mscb5817,원영 
667,  @liankim7614,"0:41 리즈 레전드
2:15 이서 레전드
2:19 유진 레전드"
668,  @hamagum,리즈 음색도 미쳤따리..
669,  @ulralula2610,장원영 후렴부분 서포트 잘한다 0:50
670,  @user-bu7md2xf2y,갤럭시랑 판타지 부르는거 말하는거면 이서임
671,  @user-rw7sj8de2s, @user-bu7md2xf2y  판타지는 모르겠는데 갤럭시는 맞음 확실히
672,  @user-bu7md2xf2y, @user-rw7sj8de2s  갤럭시랑 판타지 부르는거 같은 멤버임 잘들어보면 갤럭시도 이서가 부르는거
673,  @user-hx1ub4oz8o,ユジンとリズが圧倒的すごいけど、イソまるも最年少なのにちゃんと聞こえててすごい。。
674,  @user-zz5sx9tj2l,
675,  @user-ez3wh8xb6u,리즈는 항상 잘했어
676,  @user-ze4pp7wm7r,"아이브는 리즈 유진 파트가 많아지면 실력파 소리 들을 수 있음 
지금까지 리즈 파트 왜 많이 안줬냐 ㅠㅠ 리즈 가성이랑 고음 확실히 다르다.."
677,  @user-eu8dp6vk4t,0:51 여기 원영이 목소리 맞나? 열심히 불러서 이뻐이뻐
678,  @dila3402,Its yujin
679,  @emewaww,저기 유진이랑 이서인듯요 아닐수도 있긴 한디
680,  @user-tv2gr9pm8t,맞음
681,  @user-jg8bm4mc4i, @emewaww  원영이 맞는 것 같아요
682,  @user-kk7ti7qe9m,원영이 목소리 맞는 거 같은데요
683,  @user-fc5eb5fs8r,맞아요
684,  @dhsog,이서같아요
685,  @user-jm3db4zq8i, @emewaww  장원영맞음 막귀냐
686,  @catluvrlili,0:51-1:00 계속 원영임 인기가요 영상에서 유진이 옆에 이서 있는데 입모양이 다름
687,  @changoacnt4635, @catluvrlili  누가 들어도 이서 목소린데 무슨 입모양 타령..
688,  @changoacnt4635, @user-jm3db4zq8i  이서임
689,  @rbfl0520, @changoacnt4635  ㅇㅇ 누가봐도 이서임
690,  @user-lv4qz6qm2m,이서아님? 이서 목소리같은데
691,  @emewaww, @user-jm3db4zq8i  그래서 아닐 수도 있다고 했냐 너도 활실치 않으니깐 원영이 맞나? 물어본거 아니여 애써 답해줬건만 난리네
692,  @emewaww, @user-jg8bm4mc4i  ㅇㅎ 감사요
693,  @je6025,가수니 라이브 잘해야하는게 당연한데 이렇게 칭찬하는 분위기가 안타깝다 계속 라이브 많이 했으면
694,  @mamakeishkpop,안유진 진짜 퐈이야네....
695,  @user-td5bi1qh1v,미쳤다 경
696,  @user-zo5tb9pk9s,판타지할때원영 목소리가 너무귀욤♡♡
697,  @user-hg9ui6sq6j,리즈나 유진이는 원레 잘했었고 원영이도 괜히 프듀 상위권 아니였고 이서가 은근 개사기임 ㅋㅋㅋ
698,  @CowPower-513,잘한다고 볼수도 없다...
699,  @user-vf7ld2ut7j,그냥 다 잘하네
700,  @user-tq2mz4sb1f,이서 너무귀여워~♡
701,  @hanpandakpop,Liz là người hát tốt nhất
702,  @fktlzk,i think it's better to let just one member sing the chorus at a time cause it's quite messy and too overpowering.. but great job to the girls for singing live. ️
703,  @juno1765,They should've just let Yujin sing the chorus herself
704,  @Useri77u7u7, @juno1765  but then yujin’s throat will be damaged. Maybe switch between the members with Yujin and Liz as supporting vocals idk
705,  @juno1765," @Useri77u7u7  except for the ""That's my"" part in the chorus it's easy to sing for Yujin not that high"
706,  @NNU101,​ @juno1765  but its all their parts
707,  @fktlzk,"yeah, maybe one member can take one chorus. rather than all of them singing it at once."
708,  @abcdefg-jk1wk,did wonyoung sing too when reff with yujin?  
709,  @user-wy1fc4ws7j,정말 많이 늘었다.  이번에 포텐터졌네~
710,  @user-iu7oe7wd8p,리즈는 항상 잘하네
711,  @gal514,가을 뭣하는게 아니라 잘함 
712,  @user-ru5mi2kt9m,"Mr제거를 많이 한듯 ㅠㅠ 특히 유진이 파트에서 소리 안나온 부분 2번이나 있었음 다른 멤도 살짝 안들리긴했지 ㄱ,ㄴ데 후렴은 너무 잘부르는 유진이"
713,  @9ohsiu,i'm on my way 파트 음처리 어려워서 안부르는듯.
714,  @user-ro9oc5wo5r,리즈 유진 이서 진짜 노력한듯ㅠㅠㅠㅠ
715,  @zyz24,유진 리즈 재발견임 짱짱
716,  @0clou_d0,이 악물고 라이브 하는거 듣는데 괜히 대견하네..
717,  @user-nm9hw9vo4q,이렇게 보니까 새삼 저렇게 춤추면서 라이브 진짜 빡세다
718,  @user-ih5hz3ze2c,유지니개멋지다
719,  @miorei9699,"1:13 how many times u wanna repeat that part?
Le me : yes"
720,  @sydcogghiff-zr1fl,앵콜진짜잘함 한번씩 보고오세용
721,  @cuuuuuutie,"다들 넘 잘햐
근데 난 이서 목소리 조아해"
722,  @user-vb1zf2vn7o,음이 높은 노래인데 이걸....
723,  @ROU_AI,잘부르든 못부르든 부르는 게 진짜 백번 나음 잘해야 하긴 하지만 어쩔 수 없지 그건 하지만 안 하는 건 진짜 문제 그런 의미해서 진짜 많이 나아진 듯
724,  @user-fp2xk8lp8f,리즈시원시원하네 춤추는데다들어찌저리잘하능지...
725,  @insider_honcha0630,뭐임...?리즈 개 미쳤네...
726,  @minju6933,이서는 아이엠 할때가 제일 레전드임
727,  @user-dw1fc7un2x,장원영 잘하네 누가못한대 진짜 팬까진 아닌데 내가 다 속상해 제발
728,  @idmcju,유진양
729,  @user-vj5bm4sv8q,"리즈랑 안유진은 예전부터 이미 완벽한 보컬 실력 입증되었고 가을 레이 이서도 실력 나름 양호하더라 장원영은 노래에 대한 자신감을
가졌으면 좋겠음 예전보다는 많이 늘었던데
립싱크으로 본인 실력을 숨기고 싶어 하는 느낌이라서 근데 이번에는 라이브해서 다행"
730,  @user-jd6ki9wr5y,사실상 리즈가 센터다...
731,  @blackbear7624,"Leeseo has very short breath, i notice that she always lost her breath on live stage and has trouble controlling pitch. They need to give her more lesson to improve that, i imagine it couldn’t be comfortable for her too. She has a really nice tone, once she get past that she would be good"
732,  @charming_soul.t,확실히 리즈가 메보답게 제일 안정적이고 유진이는 공명감이랑 성량이좋고 이서는 노래는아쉬운데 소리앞으로내면서 성량은 꽤 좋은듯 가을이는 보컬은좀아쉬워도 래퍼니까  선방했고 원영이는 성량이워낙 작기도한데 초반 저음에서 춤추면서 잘나오기가 쉽지않음 그래도 뒷부분 길을잃어도는 잘하고있음 !!
733,  @user-qw7wp4qe9m,노래 매일 들어요 이모뻘 언니가 응원할게요
734,  @user-cb7uw8qx3e,"이걸 라이브라고 할수 있는건가
그래도 유진이는 쬐금 인정"
735,  @TRISTAR-ii5mt,워뇽이  진짜 많이  늘었다
736,  @_subin3992,원영이는 항상 예쁘고 노래 못 한다는 생각이 있었는데 후렴구에서 지르는거 보고 솔까 감동먹음ㅋㅋㅋㅋ
737,  @Torang_1201,아이브 노래 왤케 늘음
738,  @user-wy2zq1ii3u,ユジンは上手いけど踊りながらだと少し不安定になるからそれをリズがうまくカバーしてるね高音もすごく綺麗。ウォニョンのサビパートはほとんどユジンとリズの声。イソは前よりめっちゃボリューム出ててびっくり。
739,  @juanshobarreras4027,Hmm... Leeseo y Liz las mejores
740,  @user-fc5eb5fs8r,저는 이런 영상에 팬들이 답답한게 아이브 원래 라이브 많이한편이고 음향이나 컨디션 안좋을때 몇번 빼고는 라이브로 비판 받은적 거의 없어요 아이브가 작년에 많은 스케줄 하면서 라이브 얼마나 많이 한지 팬이면 알텐데 도대체 왜 이래요
741,  @user-sk1hz2we2e,"그니까 ㅋㅋㅋㅋ 지금부터 열심히
하니까 보기 좋다 이러는 애들 찐팬 아님 ㅋㅋㅋ 조금만 아이브 좋아했어도 축제 때랑 행사에서 다 라이브 했던 거 알고 있을텐데 진짜 어이가 없음"
742,  @user-fw9mo6ik5k,ㄹㅇ 원래 대학축제나 행사가면 다 라이브했고 팬콘에서도 라이브하고 정말 몇없는 립싱크 무대로 억까 당한건데 팬인척 돌려 깎는 애들 보일때마다 진짜 왜저러나 싶음
743,  @user-tu9sf6sh5g,리즈가 제일 잘하고 유진이도 같이 하드캐리하네
744,  @user-ey5cu4nj8t,장원영 파트 줄이니…. 이서가 돋보인다 레이파트까지 맡아야해 가성해야해..
745,  @florenciadominguez824,omg liz 
746,  @user-th2jq7cx6j,아이브 연습 많이 한 거 보여서 내가 다 찡하다ㅠㅠㅠㅠ
747,  @uiuiuiui_oo,진짜.....개잘핟ㄴ다.........
748,  @tjsrhkgus,리즈가 뒤에서 고음 다 같이쳐주고있네 ㅠㅠ 짠.... 그래도 파트 많이 늘어서 기특해 내새끼 리즈
749,  @alvinfhrz,Starship see when you give Liz lines? She ate them all up and left no crumbs
750,  @user-fi4wc2xg3y,리즈가 캐리하네…
751,  @user-tb1bz7cc7t,이서아기 데!자!뷰! 귀여워요
752,  @zackim1834,리즈때문에 아이브 덕후 됐다..
753,  @harmonylab-subs,liz is crazyyyy
754,  @user-re3nl4iu3p,이정도면 다들 평균은 하는거 아닌가 자기몫 기본은 했다고 보이는데 여기에도 꼬인댓 다는 사람이 많네ㅋㅋㅋㅋ 무슨 누가 보면 다들 자기일은 최고로 잘하는 줄 알겠어.. 
755,  @user-jh1bb5ch4q,소찬휘 티얼스 급으로 높은 곡에 이정도 라이브면 개 잘하는거지.. 당장 이거 이만큼 라이브 할수 잇는 4세대는 엔믹스 스테이씨 정도뿐임
756,  @user-hw8cm6jl8r,처음 장원영 도입부 듣고 내 귀를 의심하면서 돌려서 다시 들어봄...
757,  @merong_chipmunk,아고 웨에에 하는 진짜목소리 다 배경음인줄알고 갈려나간다..
758,  @user-ze8he4hh5l,안부르는거임...ㅋㅋㅋㅋㅋㅋㅋㅋㅋㅋㅋㅋㅋㅋ
759,  @wwkddlswl,워녕이 잘한다 후렴에서 원영이 목소리 빵빵하다~~~~~
760,  @user-ev7ip2zx1v,다 잘하네...노력했구나
761,  @lavienrosewon8811,Wonyoung sing little bit chorus here 0:49
762,  @lolag367,isnt it leeseo ?
763,  @danielamichel1079,​ @lolag367  they're both
764,  @dila3402,Its yujin
765,  @AnnaCatTCo,"​ @dila3402  if you use your both ears instead using them in a useless way, you can hear wonyoung singing.."
766,  @user-yp4qm1xw2f,"앞으로 이런식으로 굳어지지 않을까 싶네요 
격한 춤을 추면서 모든 파트를 다 소화하는건 솔직히 무리고 
mr과 라이브를 적당히 조화해서 너무 성의 없어 보이지 않게 
보기 거북하지 않게 또 듣기 거북하지 않게 바뀌지 않을까 생각합니다"
767,  @asd44688,이번에 마이크 다른거쓰길 진짜 잘한듯; 요것도 코로숨쉬면 소리 잘들어가는 마이크긴 한데 전에쓰던 슈어 헤드셋이 워낙 심해서 그런지 숨소리 컨트롤 잘하네 ㅋㅋㅋ 원영 유진은 아이즈원때 쓰던마이크라 더익숙할거고
768,  @user-dq2vt9ow9l,원영(님)도 노래 많이 늘은 듯
769,  @swwksp9936,리즈랑 유진이가 캐리하네
770,  @thismisoji3043,Leeseo 
771,  @user-xe9vm4bo8h,원영아 그래도 이제 후렴에도 조금이나마 기여하는구나... 장하다...
772,  @kt4ever02,유진 하이노트 왜 눈물나는
773,  @user-hb9wf8de6q,"이정도면 다들 노력 많이했다 ㅋㅋㅋ 원영이까지 욕먹을 각오하고 질러줘서 인정한다 이정도면

안유진 최고"
774,  @muhammadfaris2607,Liz is the best
775,  @donghyunroh9069,노력 많이 한게 보여서  좋네레이야  보고싶다
776,  @angry_chihuahua,리즈 ㅠㅠㅠㅠ
777,  @user-sf8dd8wu3i,1:13여기 리즈 미쳤네
778,  @user-wh6ky5ks1q,늘었다생각했는데 소녀시대 mr제거 듣고오면 생각이달라집니다
779,  @pririns2,ウォニョンの声が聞けて嬉しい
780,  @inging-e,가을이는 이도저도 아니라 할 말도 없당
781,  @maiden3,리즈 이서가 개잘하네
782,  @alifianierenatanjoe,"Liz, lee seo 🫶"
783,  @SBASLEE,리즈 유진 이서가 찐 가수네
784,  @insider_honcha0630,"0:55

ㅋㅋㄱㄱㄱ  아무도 안하는데
혼자 ' 판.타.지'이러는거 넘 귀엽ㅠㅠ
이서인지 원영인지 쬐끔 헷갈리긴한데
아마 이서인듯,.."
785,  @user_abc92361,둘 중 하나는 싸비 가사 끝부분만 부르는 듯ㅋㅋㅋ 뒤에 빅빅스테이지돜ㅋㅋㅋㅋ
786,  @koko-rp3vs,친구가 없어도 연인이 없어도 삶이 힘들어도 그냥 자신의 인생을 열심히 살아. 다른 사람들 한테도 피해 주지않고
787,  @MAXGNUM,How dare they didn’t sing the note on I’m on my way huh?
788,  @user-pw5bu9to2w,"어떻게 다 갖추길 바래..
이런 면들도 있어야 인간적이지ㅋㅋ"
789,  @Seollae_Nienlove,어니 진짜 원영 도입부 끝나고 볼륨 커져요
790,  @user-ou7jp5eb1w,악플러들 이제 아이브 라이브로 못까서 어쩌냐ㅋㅋㅋㅋ사이 안좋다고 깔껀가 그러기엔 최근에 단체로 나온 예능이랑 유튭 컨텐츠에서도 너무 사이좋고 웃기던데 이제 뭘로 깔건가 싶다
791,  @sally0102,유진이도 I'm on awll거긴힘들구나..홧팅
792,  @ddadda96,너는 누군가의 드림스컴트류... 제일 좋은 어느날의 데 자!뷰!
793,  @user-yv4fd7ft9e,잘한다
794,  @user-rb1bp1xh3q,리즈는 항상 말해뭐해
795,  @mysakura3550,Only Liz and Yujin are singing the chorus
796,  @koko-rp3vs,와 악플러들 대박이네ㅋㅋㅋㅋ 이제는 립싱크로 못 까니까 진짜 어떻께든 이유를 만들어서 너무 열심히 까고있어서 좀 웃긴데 아이브를 까는거 밖에 할게 없는거 생각하니까 슬프네.
797,  @myu876,"근데 진지하게 아이브분들이 노래를 잘하는건 아닌거같아요... 음이올라간다고 잘부르는게아니라 안정적이고 음정이맞아야되는데
엔믹스분들 춤추면서 노래하는거에비하면 잘한다고하기 애매하네요 발전했다는 표현이 맞는거같아요"
798,  @Nuclear_Launch,​ @myu876  ㄴㄱㅁ
799,  @hrr5761,이렇게 생각하는게 더 슬픈데ㅠ
800,  @user-fi3ms7mv7h,​ @Nuclear_Launch  살짝 부족한 건 맞음
801,  @mytotoll2116,이서 사랑해
802,  @tomezo-ikeda8256,"さすがにユジンの「That's my」 は録音なんだろうなと思ってたけどしっかり歌っててワロタ
口から音源出ちゃってんじゃん"
803,  @user-gq8sr1ps9b,잘하네
804,  @user-tm4iw6yt5u,이서 너무 기특해......
805,  @user-ny4pu7tc3z,리즈언니 유진언니 이서언니 졸귀턍
806,  @jiwoooooong,유진 리즈가 개잘하고 나머지는 못하는 건 아니고 걍 평타인듯 이젠 내려치기 안 당했으면 좋겠다
807,  @hodu7163,울애기들 연습열심히 햏나봐ㅜㅜ
808,  @yyyyu9593,이서는 저렇게 부르면 목 금방 나갈텐데..
809,  @joko0322,"ユジンとリズが安定し過ぎてるなぁ、
もっと生歌披露していけば良いのに、もったいない"
810,  @user-ne1wx3wz6k,"근데 요즘에는 기술이 좋아져서 MR 사용안하고 AR 사용해서 (AR:라이브랑 보컬을 같이 뭉처서 송출하는 방식) MR 을 사용안하는데 MR을 제거하면 라이브랑 보컬이 같이 삭제된는거임 
그래서 이건 별로 확실하지 않음"
811,  @emmaryu4581,이서 목소리 크네 좋네!
812,  @DDOUNG79,원영이 피드백 반영한 듯
813,  @abaykim8095,"Well Guys, 
Yujin and Liz did back vocal for wonyoong and leeso reft "
814,  @user-rd2fi4bf7i,리즈 응원해~
815,  @allei466,leeseo ️
816,  @user-bq6kx8df9n,근데 이렇게들으니까 노래 더 좋긴하다ㅋㅋㅋㅋㅋ
817,  @GyeongMin705,리즈 
818,  @allek5402,아이브는 뭐 하나 욕먹으면 악착같이 고쳐서 컴백하네 ㅋㅋㅋ 아이돌중 대표 억까되는데 나는 얘네가 그세대 반짝 아이돌 다 없어질때 소녀시대 처럼 장수 아이돌할것 같음.
819,  @sally0830,저번앨범보다 잘하지만 소시처럼롱런할려면 지금좋아저야될듯
820,  @user-vt5ge7mb7x,이번건 장원영도 다시 노래 부르네
821,  @user-nu3jq1xg2e,메보 안유진 리보 리즈 이서  이서가 나중되면 메보자리 넘볼수도 있음 실력 상승중
822,  @06SHILYZ,
823,  @user-mi9rc8ms3t,2:15 이때 이서굉장히잘한다 가성보다 더좋은데
824,  @user-pd7qj6li7e,독기 가득하다
825,  @sjajdi333,이서잘하누
826,  @gideonartistry,"They should just give the chorus part of Gaeul to Liz, since it's obvious that she sounds flat on that part even in official audio. 
It's too much to ask, but for the sake of making the song sound better, it's necessary."
827,  @user-xb7ie7qi9e,앞부분은 사실 부르는 사람이 없는데요. 완곡이라긴 힘든 가창
828,  @user-vt5jw1gz9z,"유진아,,, 유진아,,,,,,,, 사랑해,,,,,,,,,,,,,,,"
829,  @zpt_jiyoon_09,미러링 킹받네
830,  @user-oc7jm2kg1h,저정도면 악플달았던 얘들도 인정해야된다 ㄹㅇ
831,  @user-kh8gy3fl3w,"뭘 잘 한다는거냐 진짜 이게 잘하는거냐
기대치가 얼마나 낮았으면"
832,  @user-ox3nh2mt7d,리즈랑 유진이는 트와이스 나연 지효 생각나게 한다 진쨔루 ...... 넘 잘한다 고생하네 ....... ㅠ
833,  @user-tm3yk9wg5q,리즈랑 유진은 잘하는 거 알고 있었는데.. 이서가 진짜 반전이다 지금도 이 정도면 나중엔 더 잘 할 듯...
834,  @byuneuijoo,They all ate that up
835,  @user-iq3cw9kz7z,듣자하니 일단 중요한 부분은 라이브네 ㅣㅑ
836,  @sibalkkk,거봐 가을선배 생각보닾안정적이라니까..ㅠㅠㅠ
837,  @user-ym4jg7xo9y,"우리나라 아이둘 팬은 참 관대해 이거보고 라이브 잘한다고 빨고 있으나^^ 
옹알이도 이런 옹알이가 없네"
838,  @sydcogghiff-zr1fl,앵콜잘함
839,  @HELLO_1090,그래도 열심히 부르려는 노력이 보이긴 한다 .. 이서 목소리 훨씬 커져서 놀람 ㅋㅋㅋ
840,  @user-xx8xj8wy1v,저리 춤추면서 노래 부르는게 진짜 빡세겠다
841,  @user-kt4pi3db6k,와 개부럼다 잘부른다 시팔 시팔 내 인생
842,  @user-bj1wp3cq5n,라이브가 아이돌들 중에 최상은 아니여도 솔직히 평타치 이상 아니냐?
843,  @sally0830,4세대아이돌 평타치를모르겠네 3세대랑너무달라서
844,  @Yudem.,"원영이는 애프터라이크 보다 발전하고, 리즈랑 유진이는 원래 잘했고, 이서는 지금 잘하는 거 보니 커서 더 잘할거같음, 그리고 가을을 못하지도 않고 잘하지도 않음"
845,  @user-ks7om5jt2s,애들 목이 조금 간듯.. 특히 리즈랑 유진이 첫날 둘째날 엠알제거 보면 뒤에 후아이엠 진성으로 냅다 지르는데 오늘 영상보면 후아이엠 가성으로 부르고 자기 파트에 있는 고음들도 올리는데 약간 버거워 하듯이 올리는거 같음 저렇게 초고음을 매일 매일 하는데 안상하는것도 말이 안된다지만.. 덜 상했으면 좋겠네
846,  @user-hi1rb6hk2b,아 진짜 김가을 김리즈 살앙햅
847,  @user-jj8uj5cm5v,음 조금이라도 틀려도 되니까 조금만 더 불러줬음 좋겠다ㅠ
848,  @user-nk1hv6ov9k,ㅇㅏ이브 흥ㅎ자ㅏ
849,  @user-ys4uc7uv7n,"유진 리즈 원래 잘했지만 클라이막스 파트 받으면서 가창력 발휘가 극대화된것 같고
이서는 확실히 파워가 늘고 음정이 안정되었다.
원영 가을은... 연습 좀 더하자.
핑크 머리는 복귀 후 평가 가능"
850,  @user-cj7yr3cj7o,아니 이 정도면 잘하는 거 아니냐….. 댓글들 말 개많네
851,  @bomin0212,ㅇㅈ
852,  @user-fc5eb5fs8r,댓글 충격적이네요 콘서트에서 조차 립싱크한 다른 그룹은 실력파로 포장하고 콘서트에서 풀라이브한 아이브 까는데 이용하네요 이게 그 그룹 팬들 영업방식인가요? 진짜 더러운 방법으로 영업하네요
853,  @user-lv4qz6qm2m,ㄹㅇ 4세대 걸그룹중에서도 라이브 많이 했는데ㅋㅋㅋ왜이리 까이는지..하
854,  @user-nd4pw5ee6w,데자뷰 할때 존나 잘들이던데 웃겼음
855,  @I1l1l1l1ll,"리즈가 넘사벽인 함...딴 멤도 실력 늘긴했는데 더 열심히 해야할듯
몇몇은 힘든 부분 안 부른건가..?"
856,  @unknownymous1588,This is a good MR Removed compared to other channel
857,  @danggg711,리즈랑 유진이가 제일 잘하네...
858,  @najwaa9072,ive kerenn
859,  @user-fc2fy1of4i,뭐야 그동안 못한다 못한다 그러더니 르세라핌보다 나은거같은데..저정도면 그렇게 못하는건 아니지 않나..?
860,  @user_abc92361,걔네보다 못하면.. 읍
861,  @leelee1598,이거 잘 부르는거 맞음…?
862,  @user-sq6rp5ez9p,이 노래가 되게 높아서 라이브로는 좀 불가능한듯.. 숨도 차고 높게 불러야하니까 힘들어서 더 못부르는거 같게 보이는거 같음
863,  @user-st1hu9fv9b,ai가 노래하고 인간은 춤추면 딱이겠다
864,  @keiraexo1508,Gaeul
865,  @musicabi7684,리즈가 애들꺼 백업 다 해주넹
866,  @user-co4zr3dj8c,이서 잘하진않는데 엄청열심히뷰르네
867,  @user-fy1ry3wb8e,ㅎㅎㅎㅎㅎㅎㅎㅎ 너무하네… 가순데 이정도면 잘하는데요 라는 말아 맞나
868,  @user-jt3xn4cm1f,싸비 원영인지 이서인지 헷갈린다... 판타지는 확실히 이서인데 be a writer 은 또 원영이임 물론 둘중 누가 부르든 상관없지만 그냥 궁금해서...
869,  @user-nm5fe9ro7l,장원영은 진짜 ㄹㅈㄷ다ㅋㅋㅋ
870,  @Kat_Much,헐...리즈 뭐임?
871,  @spellingfairy5821,원투쓰리원투쓰리원투쓰리 플라이 업은 그냥 음원 그 자첸데?
872,  @ununio,ㅠㅠ장하다..장해
873,  @gonkim1532,"확실히 라이브로 까던놈들 줄었네
아직도 설마 고음가는하겠어하고 까려왔다가 고음 잘하니 꼬투리잡는놈들 몇보이는데
너희돌 라이브나보고와라
타팬이지만 잘하는거보니 좋네"
874,  @cmynadirize,리즈가 제일 높은데 다 함 근데 way는 안 해서 아쉬웠음 더 시원할 거 같음
875,  @Wonji_Yoo,근데 왜 후렴은 다 같이 안하고 안유진하고 리즈만 해요??
876,  @komori.V,liz <33
877,  @ByakoD87,The Show fue muchísimo mejor
878,  @koko-rp3vs,잘하든 못하든 노력하는건 인정해도 되는데 그걸 인정 못하네. 지금까지 인생에서도 이렇께 다른 사람의 노력을 인정 못했던걸까.
879,  @user-xr9mi6es6m,안유진이랑 리즈 잘 한다
880,  @c.h2132,역시나 유진 이서가 제일 잘하네 ㅈㅇㅇ은 아예 안부르네;
881,  @user-tp1nc2ll5u,장원영 목소리 뻔히 들리는데 뭔소리임?
882,  @user-bj1wp3cq5n,저렇게 잘 들리는데 안 들린다는게 말이되나
883,  @JIAN..,이건 진짜 억까다ㅋㅋㅋ 성량이 작긴 해도 노래 부르는게 뻔히 들리는데 아예 안부른다고 냅다 거짓말을 해버리네
884,  @user-rt9lv2ss3z,적당히 해라 안 좋게 보고 싶은 거 아는데 왜 댓글까지 적어가면서 선동하려고 함 ㅋㅋ 부르는 거 안 들림?
885,  @user-ze6db5po8c,와 진짜 무지성 억까 환장하겟다 ㅋㅋ
886,  @wizone_nctzen,귀가 먹었냐?
887,  @dengu.,"?? 도대체 진짜 어디가 안 들린다는 거.. 
어떻게든 까고 싶어서 안달이네.."
888,  @hiki10,워녕이
889,  @user-bw7db5wi2z,음..안유진이 의왼데.. 정말 잘하네
890,  @user-ne5oe3yr9q,안유진 아이즈원 시절에 앵콜 혼자 다 부르고 아이브 대학축제때 고음 잘 지르고 라이브  잘한다 말 나오는게 유진이였음 원래 잘했어요
891,  @levelthefield,LIZ>>>>>>>>>>>>>>>>
892,  @guinnsellina,Yujin & liz >>>
893,  @user-mk9jw8bh7t,"가을 선베! 늘었다
글리고 리즈랑 이서는 잘하는 듯"
894,  @eugenekrab9169,Liz jjang
895,  @Mingyu9746,세상이 저를 억까 하는건가요... ?  리즈 유진 빼고는 뭐 잘한다 할게없는데...
896,  @user-changmin115,동의
897,  @miniseooo,님이 아이브를 억까하는듯
898,  @tyutyu4244,걍 보지를 마셈
899,  @reah9512,그래 리즈 유진이 잘한다고 칭찬하는거자나 억까는 누가하는겨~~~~
900,  @Nuclear_Launch,ㅇㅇ 너만
901,  @idoncare-nk1je,"What are you talking about? it's only Liz and Yujin who sang the chorus
It's fine if the center didn't sing, but don't distort things"
902,  @user-ll8wr5pu1b,이서 엄청 열심히 하는 거 티난다... 예전에 립싱크보다 훨씬 보기 좋음
903,  @Dream_collecters,전보다 늘어난건 확실함
904,  @changoacnt4635,1절 후렴 리즈 유진 이서가 부르는데 왜 자꾸 다른 멤버 얘기임... 이서가 열심히 불렀구만
905,  @user-fc5eb5fs8r,댓글 보니까 어디서 아이브 공격하는지 알거같네요 작년에 아이브보다 라이브 안했던 걸그룹 라이브 많이했다고 거짓말까지 하면서 아이브 욕하는거 보니까 알겠어요 채널도 특정소속사 가수만 안올리는거봐요 이쯤되면 아이브 팬들도 어디서 아이브 공격하는지 아실거라고 봐요
906,  @linhlinh3741,Omg Liz
907,  @wantuto,잘하네
908,  @user-jd1ef8wq4s,"이걸 못한다고 하는 애들아
너희가 해봐 좀만 해도 숨 헉헉 거릴거면서"
909,  @user-qf5xz1dn9s,"리즈 잘한다
근데 파트가 너무 짧다ㅠ"
910,  @puriwuri1752,The lack of stamina is realllll
911,  @jung2745,"아이엠 음이 존나높은데 춤추면서 저정도 하면 솔직히 뭘더바라나 싶음 

노래를 100% 바랄거면 아이돌이 아니고 가수를 파겠지.."
912,  @myu876,"근데 진지하게 아이브분들이 무대위에서 노래를 잘하는건 아닌거같아요... 음이올라간다고 잘부르는게아니라 안정적이고 음정이맞아야되는데
엔믹스분들 춤추면서 노래하는거랑 비교해서 싱각하면 잘한다고하기 애매하네요 
안유진님이랑 리즈님이 거의대부분 끌고가시기도하고 잘한다기보단 솔직히 발전했다는 표현이 맞는거같아요"
913,  @Nuclear_Launch,망왑퀴 왔니?
914,  @user-ej2wl2xt2m,음정을 못잡고 지르기만 하는데 어떻게 이게 정규앨범 몇달간 연습한 결과가 좋다고 말할 근거가 되는거지
915,  @smoonshin3925,mr 제거한다고 가수 목소리도 같이 제거해버리는 경우들이 많아 이런 영상들은 잘 안믿음.....이 영상도 가수들 목소리가 갑자기 커졌다 작아졌다 없어졌다...아주 난리도 아님....차라리 보이는 라디오등에서 라이브 하는걸 보면 될거 같음.
916,  @user-ok5bc5oh9k,왜 처음 장원영 파트만 의도적으로 소리 줄임? 원영 이서 파트 둘다 벌스 반주 비슷하고 백보컬만 다른 수준인데 원영이 목소리는 의도적으로 뭉게놨네 ㅋㅋㅋ
917,  @user-jt9qc1xg3c,"라이브해도 지랄 안해도 지랄 어떻게든 까네 아이브까면서 은근슬쩍 스테이씨,엔믹스 넣어서 끼워팔지마 걔넨 뭔 죄야 까는 니들 본진 그룹을 끼워 팔아야지 팬도 아닌 그룹들 팔아버리누"
918,  @Liz-shine,"제발 아이브 욕은 하지 말아주세요..
진짜 열심히 합니다^^♡"
919,  @songh944,"극초반에 장원영 파트 끝나고 이서파트부터 뒤에 깔리는 반주 음량 소리 갑자기 커지는거 저만 느끼는건가요..? 0:07 이서 파트 시작 전 반주부터 급 커지는게 들리는데.. 
(멤버들 부르는 목소리 말하는거x, 반주 소리 영상 소리 자체 o)
혹시 의도적으로 장원영 부분 소리 더 줄이시는건 아니겠죠? 거의 바로 노래 시작해서 그런거겠죠?"
920,  @nkkkn4557,근데 진짜 저번 활동때도 분명 음방에선 잘 들리던 라이브가 엠알제거만 하면 원영이파트에서 그냥 무음으로 해서 더 욕먹이는 영상 많던데 (이영상이그런거라는건아님) 너무 속상햇음 어그로끌려고 그러는 영상들 많더라고요
921,  @user-ne5oe3yr9q,헐 진짜네요 원영이 억까하려고 줄인건 아니길...
922,  @user-up9md1im6w,그니까 이거 뭔가 좀 이상한게 장원영 부분만 의도적으로 뭉게논거 같긴함 님말대로 이서파트 전에서 갑자기 반주 확 커지는거도..다른 사람들도 그렇게 느끼는거 같던데 난 그래서 이 MR제거 제대로 못믿겠음 후렴에선 장원영 목소리 짱짱하게 들리는데 첫파트도 그렇고 좀..반주도 같이 소리가 작아져서;
923,  @yeye2un,가성은 왠만해선 안부르는게 좋지 엠알이랑 겹쳤을 때 이상하게 들릴 수 있음
924,  @user-qt7bf9rb6e,그렇게 원영이 욕하더만 잘 부르니까 원영이 얘기도 안나오는 거 어이없어..
925,  @k_____007,Only Liz was good ... Though dancing while singing live is ridiculous 
926,  @bca426,첫날보다 피치 많이 불안한데... 목이 상했나
927,  @user-dq2vt9ow9l,"사람들은 왜 립싱크를 
한다고 할까?
이렇게 열심히 하는데..."
928,  @melissabilton98,Liz️️
929,  @user-om9lm8gp7w,ㅋㅋㅋㅋㅋㅋㅋㅋㅋㅋㅋㅋㅋㅋ그냥 웃을게요
930,  @mac-hs1xu,너무 잘해서 웃음이 나오죠?ㅋㅋㅋㅋㅋㅋㅋㅋㅋㅋㅋㅋㅋㅋㅋㅋㅋㅋㅋㅋㅋㅋㅋㅋ 당신의 댓글에 더 많은 웃음을 줬어요..ㅋㅋ
931,  @Uzulala,"Only Liz can called singing, other members are whispering."
932,  @ablackheartedblinkwholoves3259,And you can be called deaf
933,  @user-cb5ub1cx7s,
934,  @user-ne1fj4lx1n,심각하다.. 요즘 아이돌이 그렇겠지만... 리즈 미만잡..
935,  @Dong_Hae,춤은 너무 힘들어! 때로는 조정이 잘못된 경우가 발생할 수 있습니다!
936,  @Klover97,Okayyyy leeseo !!
937,  @user-rz9fg4ei9p,이 사람 의도적으로 장원영 파트 때 소리를 줄이는 듯 0:09 원영->이서 로 넘어갈 때 반주 소리가 갑자기 커지는 게 너무 잘 들리는데..
938,  @user-cr7ft9lf4r,격렬하게 춤추면서 부르는거 감안해야지 머  그래도 좀 부족하다는 느끼을 지울수 없다
939,  @sydcogghiff-zr1fl,앵콜무대보면 잘함
940,  @yeong2789,진심 얘네 춤이 격렬해? 타 그룹들에 비하면 안무도 율동 수준이지.
941,  @user-zh3lf5uq1s,소름
942,  @pposasi1,노래는 유진이가 부르는데 카메라는 왜 원영이를 비추는거임?
943,  @user-tp2pm6lm8g,
944,  @user-vm4rp5pw9f,"잘하는 것도 못하는 것도 아님
걍 아이브 여태까지 mr보면 전보단 나ㅛ지"
945,  @user-dc6vw7mo9o,"영상 보기전에 댓글부터 봐서 아이브 진짜 실력 엄청 늘은 건가 했는데 역시 다이브 여잼들 올려치기였네 ㅋㅋㅋㅋㅋㅋㅋ
리즈빼곤 생략 하는 것도 허다하고 가수라고 하기 부끄러운 수준이고만 뭐가 늘은건지.. 음수에서 0된걸로 늘었다는거면 인정함

안유진은 사건의 지평선도 그렇고 앉아서 부르는 건 거의 안 흔들리고 잘 불러서 춤추면서 부르니까 힘들겠구나 하는데 나머지는 좀..ㅋㅋ"
946,  @poppop-uy1pl,학폭돌퀴?
947,  @lilIlillililliili,다 별로야 ㅋㅋㅋ
948,  @byuneuijoo,Bffr
949,  @user-tu9sf6sh5g,잘 부른다고 하기는 그렇지만 곡 난도에 비해솔직히 억까도 심한건 맞는데?
950,  @Nuclear_Launch,콘돔 미사용결과물
951,  @user-yv2sk9bt5e,르세라핌 팬들이 아이브를 실력으로 까는 거는ㅋㅋㅋㅋㅋ  아이브에서 제일 못하는 가을도 르세라핌 일본멤 막내보다 더 잘하던데
952,  @yujin305,칭찬이야 욕이야
953,  @gibasgibs,Eu queria ser membro mais nunca aparece o botão de seja membro
954,  @yonseisarang,몇명은 노력하는 것 보이는데.. 몇은 노력도 안보이고.. 근데 이걸 듣고 잘했다고 하는 사람들은 뭔지.. 나만 다른 것 보고 듣고 있는 건지.. 이건 뭐 칭찬거리 찾다찾다 못 찾아서.. 넌 참 숨을 잘 쉬는구나.. 이렇게 칭찬하는 느낌..
955,  @yonseisarang,잘하는 것이랑 못하는 것은 구분할 줄 알아야지.. 그래 옜다 칭찬.. 아이브는 숨을 참 잘 쉬는구나...매일 숨쉬기 운동을 열심히 하나보네.. 이 정도면 되었냐?
956,  @yonseisarang, @user-hl5kf5ny7k  아이브 엠알제거 영상에 타 그룹 영상 링크걸면서 지적질하는 네가.. 실력 지적만 했으면 가만히 있었을까?  너 같은 팬들 때문에 아이브가 아직.. 실력이 이 정도 인거야.. .. 잘하는 건 칭찬해주고.. 못하는 건 지적해줘야 발전이란게 있는 거란다.. 도대체 이 영상을 보고.. 잘한다란 이야기가 나올 수 있냐?  자기 파트 다 부른 사람이 한명밖에 없고 절반 정도 부른 애들.. 부른 것도 음정도 제대로 안 맞는데...
957,  @yonseisarang,​ @user-hl5kf5ny7k  역시는 역시다.. 내가 다른 곳에도 댓글 달았지만 난 아이브 좋아했지만 지금은 너희같은 잼민이 팬때문에 싫어진 사람이다.. 다만 아직 리즈의 노래는 좋아할뿐.. ..ㅋㅋ 너희는 하이브 걸그룹에 뭔 악 감정이 있냐?  자격지심이라도 있냐? 으이구.. 하이브 걸그룹 내가 좋아하진 않지만.. 너 때문에라도 함 들어보긴 할께.. 그리고 이영상 만든 사람이 아이브 팬들만 와서 보라고 했겠냐?
958,  @yonseisarang,"​ @user-hl5kf5ny7k  하이브 걸그룹하고 싸우든 말든 내 알바는 아닌데.. 비판이나 지적을 하고 싶으면 하이브 걸그룹 영상가서 지적질 해.,  하이브가 라이브 못하니 아이브도 못하는 거 당연하단거냐? .. 
ㅋㅋ 아가야.. 그건 두그룹 다 못하니.. 더 노력해야 한다고 말해야 하는 거란다.."
959,  @yonseisarang, @user-hl5kf5ny7k  아가야 집에가서 잠자리에 누워서 잘 생각해봐라.. 형아 말이 틀린지..
960,  @yonseisarang,​ @user-hl5kf5ny7k  댓글이 몇개가 안 보이다가 이제 보이는구나.. 르세라핌이랑 뉴진스도 같이 패라고 해서 하는 이야기인데.. 르세라핌은 학폭터진 이후에 관심이 없어 ^^  뉴진스는 아직은 내 취향이 아니고.. 근데 너 때문에 내가 온갖 그룹에  관심을 가져야 하니? 아이브도 이거 보고 싶어서 본게 아니라 리즈 영상을 자주보다보니 알고리즘이 날 이끈거란다.. 얼마나 하이브 팬들이랑 쌈질을 했으면 댓글만 보고 하이브 팬이줄 알고 달려들었을까 안쓰럽긴하다만.. 내가 너랑 싸울려고 팬도 아닌 걸그룹 팬까지 되어야 하니?
961,  @yonseisarang," @user-hl5kf5ny7k  댓글에 대댓을 달기 시작한건 너잖아.. 잼민이란 표현도 먼저쓴 것은 너고.. 아가야..  아무리 무작정 쉴드치려고 댓글 달아도.. 니가 뭔말을 했는지는 보고 글을 써야지.. ㅋㅋ  
참고로 형아는 지금 스테이씨 팬이야.. 근데 팬이지만 너처럼 무작정 쉴드칠 생각은 없단다.. 스테이씨가 잘하면 칭찬하고 소비해줄 것이고 못하면 비판해서 더 좋은 그룹이 되길 응원할 거란다..  으휴"
962,  @laramiaizz,they haven't lipped yet this comeback.
963,  @user-dc5jj1xr6m,前より頑張ってる
964,  @user-bp5ub9kw4s,"못하는 중에 그나마 잘하는 몇몇..........
다른 그룹하고는 비교가 안돼 실망...
그래도 가순데......."
965,  @user-jh1bb5ch4q,다른그룹 누구?ㅋㅋㅋㅋㅋㅋ
966,  @user-xu7zy1tz7v,"they literally just didnt sing the high note at all, except liz?? idols aren't born to practice their voice live"
967,  @cherreii_,What happened to the sound when Yujin said I’m on my way ? 0:17
968,  @elenasingh206,she wasnt singing
969,  @cherreii_, @elenasingh206  Oh ok
970,  @galuxistar1615,"That verse is pretty hard to sing while dancing because it requires some vocal agility, so they probably chose not to sing that line, which is totally fine lol"
971,  @MochieeeMoon," @cherreii_  Mr videos are not always accurate to be honest. You can find many videos of the same performance, where each mr removed is different."
972,  @cherreii_, @MochieeeMoon  oh ok Tysm for telling me !
973,  @user-wu3uh5ni4i,"소리가 들리는거지 객관적으로 잘하는건 아닌데 진짜 톤정리 안된 멤버들이 너무 많음 안정적이라고 하는데 저정도면 안정적인거 아님,,, 음 다 나가는데 그게 무슨 안정적인거임....올려치기 좀."
974,  @valentinastrazzullo6930,Lmao liz being the only one hitting the high note
975,  @maryamh262,yujin?
976,  @user-ey1zw2hu9s,가수2 댄서3
977,  @own__sz,댓글 열등감 폭발했노 ㅋㅋ 응 난 예쁘고 끼 부리는 아이돌을 빨고 싶은 거지 노래 존나 잘하는 가수 빨고 싶은 게 아니야 그럴 거면 김나박이 빨았음 ㅇㅅㅇ
978,  @ktkim4232,고음 소화한 멤버가 리즈? 암튼 그멤버하고 유진등 보컬들은 할만큼하고 있음. 역시 저런 댄스 추면서 아이엠을 다 소화하는건 힘듦.   원영아. 저음파트는 제대로 부를 정도로 보컬 연습은 더 해야할듯
979,  @bluedeena6533,Im gonna have to stop my self watvhing this kind of video. Bcause i wanna say something so badly but i know how much effort they give to be able to stand there. I just keep this to myself then haha
980,  @mmyura3279,I hope they stop singing during a little bit bc these notes r out of their ranges and really high  and it might seriously damage their vocal cords :(
981,  @mmyura3279,I don't understand why kpop stans r so triggered with idols lipsync bc at the end of the day they're humans and they can't always sing live and damaging their voices and need a rest
982,  @jagiyaforsannie,ikr!! people dont understand HOW high this song is… the pre-chorus part is a5 which is literally two notes away from whistle register (damaging technique asf)
983,  @laissa9372,Me too
984,  @mindadadam4378,on the previous comebacks they usually started sing live on 2nd week of promotion but now they started it from 1st week 
985,  @joycea.7332,Especially Liz and Yujin
986,  @user-zr9ef5lq8z,리즈가 드디어 물만났네..날아올라라~
987,  @user-xj6dj4gp7k,장원영 단독파트 왜케 없어보이지?
988,  @007O,한결 같아서 좋네 ㅎ 원영아
989,  @pincream,이서 많이늘었다
990,  @crazynomuhyeon,이정도면잘하는데요 ㅇㅈㄹ ㅋㅋㅋㅋㅋㅋㅋㅋㅋㅋㅋㅋ
991,  @Yu-yw3rr,득음하신 댕댕이와 깜냥이
992,  @Misilsaejoo,맨마지막에 후아이엠 진성으로 고음 지르는 멤버 누구예요? 단체파트인건 알겠는데 유진인지 리즈인지 헷갈려서
993,  @zeethe7260,레알 유진 리즈 고생한다.. 이서는 그래도 부르기라도하는데 ㅋㅋㅋ 장원영 가을인가 뭔가는 ㅋㅋㅋㅋㅋㅋㅋㅋㅋ심하다
994,  @Looing0924,룽께밋룽께밋룽께밋놔우 어줴뢍 또 돠른 쫘리탄 놔!
995,  @mohammadkahaan1886,유진이쬰다
996,  @user-fc5eb5fs8r,여기서 할말은 아니지만 언젠가 부터 갑자기 아이브 사이안좋네 장원영이 리즈 괴롭히네 이런 말도 안되는 루머들 렉카 안티채널 만들어서 올리던데 지금 생각해보면 어떤 그룹 케미로 영업하기 시작하면서네요 그전까지 아이브 사이안좋다는말 나온적이 없었네요
997,  @user-uj4tj4vw1b,리즈만 괴롭힌다고 루머 퍼트린게 아니라 처음엔 장원영이 모델인 옷이랑 디자인 비슷하다고 한마디 했다가 탈수가 이서보고 도둑 취급한다고 선동함 진짜 악질임ㅋ
998,  @user-fw9mo6ik5k,"나는 진짜 아이브 사이 안좋다, 장원영이 멤버들 견제한다는 글이나 영상만보면 진짜 그냥 할말이 없어짐 아이브 자컨이나 예능만봐도 사이 좋은게 느껴지니까 그냥 무시가 답이다 생각하긴하지만 평소에 아이브에 관심없는 사람들이 보면 진짜 믿을까봐 무서움"
999,  @user-uj4tj4vw1b,리즈만 괴롭힌다고 루머 퍼트린게 아니라 처음엔 장원영이 모델인 옷이랑 디자인 비슷하다고 한마디 했다가 탈수가 이서보고 도둑 취급한다고 선동함 진짜 악질임ㅋ
1000,  @user-fw9mo6ik5k,"나는 진짜 아이브 사이 안좋다, 장원영이 멤버들 견제한다는 글이나 영상만보면 진짜 그냥 할말이 없어짐 아이브 자컨이나 예능만봐도 사이 좋은게 느껴지니까 그냥 무시가 답이다 생각하긴하지만 평소에 아이브에 관심없는 사람들이 보면 진짜 믿을까봐 무서움"
1001,  @Seollae_Nienlove,0:10 여기서 갑자기 반주가 커짐
1002,  @nikogwyn_,Leeseo has learned not to lipsync whilst Wonyoung never learns lmao. I know its a difficult song but at least try to be more stable. I'm so disappointed.
1003,  @yamiyaming,동네 재롱잔치하냐 라이브 실화냐
1004,  @user-rj1cq2ph7l,주무세요
1005,  @LubStl404,Crack MR Machine
1006,  @user-mk8py7kd3u,제작자는 어떤 생각으로 올린거지?
1007,  @user-it3zv9ev3m,리즈부분에서 엘알제거 안한줄
1008,  @user-qc5qb4zj6l,가우리는 이케맨
1009,  @jk-mr2hd,유진이 리즈 빼면 다 별로
1010,  @user-iv9jk4ix8g,"아니 잘한다 아이브  근데 정말 재데뷔 원영, 첫째 가을.... 언제까지 불안할꺼야.... 보컬연습 좀 하면 안되나"
1011,  @YH76249,1:07 목소리가 나만 주현영님 생각나나 ㅋㅋㅋㅋ
1012,  @queen-kyondu,성량만 빽빽 질러대고 립싱크 안한다고 잘하는거 아닌데 ㅋㅋㅋ 고음을 듣기 좋게 올리는게 아니라 돼지 멱따는 소리처럼 꽥꽥 질러대는거면 말다한거 아니긔??ㅋㅋㅋㅋㅋ
1013,  @Nuclear_Launch,콘돔 미사용결과물
1014,  @crystalvhite,Leeseo🥹
1015,  @smoonshin3925,https://www.youtube.com/watch?v=lSbFDEMf67g ..........라이브 괜춘하게 하는듯~~~~
1016,  @user-rm1tq2ec6q,라이브로  아이브 못까겠다 ㅎㅎ  ...
1017,  @aesullyeon2296,I’m on my ……….
1018,  @oow4343,소리 눌리고 짜져도 그래도 라이브할라고 애쓰네 안하는거보단 낫다
1019,  @user-dg3xw1kn7t,그냥 춤만 춰라 ㅋㅋㅋ
1020,  @user-jt3xn4cm1f,근데 원영이 처음 파트 일부러 백보컬 줄인 거 너무 티난다 ㅋㅋ... mr제거 제대로 하셈 누구하나는 일부러 줄이지말고
1021,  @user-jt3xn4cm1f, @songh944  근데 전적이있어서...mr제거는 영 못믿겠더라고요ㅠㅠ
1022,  @user-jt3xn4cm1f, @songh944  잘 기억이 안나는데 쇼츠?로 한창 돌아다녔어요 라이브로 불렀는데 원영이 목소리를 아예 지우거나 피치를 올려서 올리는 식이었어요 ㅠㅠ
1023,  @misoskz8390,Liz atee
1024,  @onceinsomniamiracleneverla6767,"Lisee or whatever her name is singing LIKE A LIL KID. No technique no vocal control lmao
Yujin screaming her lungs out. 
Wonyoung keeping quiet to look pretty like always. 
Gaeul barely opened her mouth. 
Rei speed talking. 
Liz actually sang like a normal person"
1025,  @fortniterobin,?? Gaeul rapped her part through with no problem
1026,  @MochieeeMoon,"Go away toxic stan, if you don’t support all the members then you’re not a dive."
1027,  @yeong2789,"음정이 흔들리든 말든 여기는 그저 소리만 냈다고 칭찬일색이네. 완전 개그네. 라이브 끔찍함. 들어주기 힘듦. 후렴구 안 부르는 것도 의아함. 저음조차 소리를 잘 못 내면서 무슨 가수? 여기 진짜 아이브 공주들의 시녀들이 많구나. 놀라고 감. 리즈, 유진 빼고 엉망진창임. 심지어 리즈, 유진도 안정적이지 않음. 이걸 칭찬하는 팬들이 더 웃긴 코미디언들임. 다들 양심들이 없네. 라이브 소리가 들린다고 감탄해대는 꼴들이 스스로 우습지도 않나?"
1028,  @lyd7136,Leeseo please practice more……..
1029,  @user-vl7lu6cm3z,원영이는 왜ㅠ안부름 ㅜ
1030,  @user-qv3nj2vw6f,어케든 까고 싶구나
1031,  @user-br6mx3zz7c,난 아이브 노래좋아하는데 mr제거 라이브는 첨들어보는데 충격이네요 노래를 너무 못하는데   왜다들 잘한다고하는건지  ㅠ 내가이상한건가
1032,  @joannekim9956,저도 똑같은생각인디.. 댓글달으면 쳐 맞을것같음 ㅋㅋㅋ 이정도면 내가 너무 엄격한가 싶음
1033,  @just_12345,그게 아니라 이거 자체로 실력을 따지면 안되죠.. 이거 정확하지도 않은 mr제거인데
1034,  @locolo7414,17:00 길을 찾아~
1035,  @user-pf9pv1cf6g,아이브 이제 라이브로 까면 안되겠네
1036,  @user-jm3db4zq8i,슴창들 립싱크하는 에스파바이럴하면서 아이브역바이럴하네
1037,  @user-uo6ld3ds7x,그래도 에스파는 라이브함 진짜는 하이브임 언플로 만들어진 실력파들 ㅋㅋㅋㅋ
1038,  @krossjunkie720,리즈만 인정
1039,  @user-yb9dy4wh4f,징짜 아이브 뽑뽀 갈기고싶다 레이야 항상응원할게 아이브건강하쟈
1040,  @user-hg8mt9tq4j,라이브 반응 좋으니까 억까하려고 다 몰려왔네..ㅋㅋ추하노..커뮤에 부정적 반응 올라오길래 혹시나 해서 여기 와봤더니 즈그글끼리 왈가왈부하고 앉았넼ㅋㅋㅋㅋㅋㅋ
1041,  @user-ym3ek3cc3z,Liz ＞＞＞＞＞Yujin＞＞＞＞＞＞＞＞Other＞＞＞＞Won Young
1042,  @user-yz8gn2fe9w,장원영은 이쁘기라도하지 가을은 ㄹㅇ 어케연예인됐노
1043,  @shhong1247,아니 ㅋㅋㅋㅋ 거의 노래를 안부르는데... 뭐가 잘 부른다는거임????
1044,  @user-mf5vd5xt8o,가수가 직업인데 보컬연습 많이 해야겠네. 두명 빼고~~
1045,  @user-kq1zn2qz1q,0:16 갑자기 소리 커져서 깜짝놀랬네 ㅋㅋㅋㅋ
1046,  @user-ke2pl4tk5l,"처참한데…,,"
1047,  @mac-hs1xu,누가? 지금 처참해?
1048,  @Nuclear_Launch,콘돔 미사용결과물
1049,  @user-hv6nk7ix9o,장원영은 노래 좀 더 시켜라
1050,  @KN-ls3lm,낮은 음 줘도ㅠ왜 라이브를 못하냐
1051,  @cWjkL8ysxOkrH66,better than twice
1052,  @bpink2380,Never improve wonyoung i like to not hear your voice
1053,  @amurri2314,Jealous much? Why are you so obsessed with Wonyoung? All of your comments on this channel are hating on her. 
1054,  @bpink2380, @amurri2314  oh maybe I HATE HER YOU GENIUS
1055,  @amurri2314," @bpink2380  Yikes... Imagine being so bitter that you make yourself feel better by tearing down one of the hardest working idols in the industry, who is more successful than you could ever even hope to be.  You ""hate"" her so much that you're that obsessed with her? Get a life."
1056,  @bpink2380, @amurri2314  she must be in her country which is China. Their idols just pretty faces nothing more like her
1057,  @user-bq6kx8df9n,넘 못하는데..
1058,  @user-xc4xx7md8j,저거 깔끔히 제거 못해요.... 안 부른거 깔끔하지 않아요...
1059,  @user-sn9xt7op6q,이걸로 라이브 실력을 어떻게 확인하는데? ㅅㅂㅋㅋㅋ MR제거하면 라이브 소리가 나오냐?ㅋㅋㅋㅋ
1060,  @user-cj1sv5lr1c,이게 잘부르는거야? ㅋㅋㅋㅋ중간에 뮤트 존나 많은데?ㅋㅋㅋ
1061,  @user-tl6rb6lx9v,내가 뭘 들은거지…..
1062,  @user-Best_of_me,팔어웨이  댓츠 는 립씽크네
1063,  @user-nm3qg9wi5r,영상 보면서 느낀 건 mr 없이 가수들 노래 부르기 힘들다고 보여지네 고음 부분 저음 부분은 립싱크 아니면 음 이탈 하는데 너무 급하게 컴백 한 것 아닌가. 좀 더 라이브 연습 하고 컴백 하지..정말 방탄이랑 비교하면 차이가 큰 것 같네. 좀 더 연습해야 할것 같다.그래도 열심히 하는게 보기 좋다.화이팅
1064,  @littlemixxx,Sorry can i request Jimin Like Crazy MR Removed Version?
1065,  @user-iy8zo7yr2f,얘네는 입에서 소음을 싸고 있냐 르세라핌 뉴진스 엔믹스 이런애들 보다가 아이브 보니까 참 ㅋㅋㅋㅋ 처참하다
1066,  @sydcogghiff-zr1fl,?잘하는데 곡 난이도가 뉴진스 르세라핌보다 두세배는 어려움
1067,  @Roh_Heung_Min,뉴진스 르세라핌 ㅋㅋㅋㅋㅋ독기호소 그룹ㅋㅋㅋ
1068,  @Nuclear_Launch,콘돔 미사용결과물
1069,  @user-ts2jc4cs3d,악플러들할말없지요?
1070,  @user-om9lm8gp7w,그냥 말이안나오네용 
1071,  @bca4424,장원영만 발전하면 되겠네
1072,  @user-mu3ec9zc3w,쌩라이브도아니고아직도잘하는정도도아닌데ㅁㅊ척하노ㅋ
1073,  @user-vj5qk5gj5s,아이고 잼민아….
1074,  @cc-hg4wy, @user-mu3ec9zc3w  모든 댓글에 똑같은 억까댓 싸는 열등감 덩어리보단 ㅋㅋ
1075,  @user-mu3ec9zc3w,히 너가 잼민이잖노...
1076,  @user-mu3ec9zc3w,cc 똑같은 억까댓보단 팩트인데 그걸 빨고 ㅈㄴ잘한다고하고 팩트맞으니 열등감이라고하는 덩어리보단ㅋㅋ
1077,  @user-vj5qk5gj5s, @user-mu3ec9zc3w  잼민이가 아니면 더 심각한거임...... 나이 먹고 그ㅈㄹ?
1078,  @Nuclear_Launch,​ @user-mu3ec9zc3w  콘돔 미사용결과물
1079,  @user-lh5hg5zk3o,1절 후렴구 장원영이 안부르는데 장원영이 센터임?
1080,  @mooncatgrande7296,MINECRAFT
1081,  @user-gk7zg6ke1f,저게 진심 잘하는건가 음정 다 흔들리고 뭐라는지 모르겠너
1082,  @reah9512,역시 억까는 언제나 늘 존재한다
1083,  @user-gk7zg6ke1f, @reah9512  역시 잼민이들의 우상 아이브 든든하것노
1084,  @user-ze6db5po8c,무지성 억까충 수댕이 ㅋㅋ 아이브 안티들에게 든든하겠노!!
1085,  @user-gk7zg6ke1f, @user-ze6db5po8c  어엉..그래 정말 무섭다 답글 하나하나 달아줄 시간에 너거 아이브 음원 매출이나 올려줘라 쓸모읎는 잼아ㅏㅇ
1086,  @user-cg1sj9fo7d,"춤추면서 노래하는데
이정도면 잘하는거지 뭘 얼마나 더 잘해야함 ㅋㅋ"
1087,  @user-uo6ld3ds7x, @user-gk7zg6ke1f  안들어도 이미 압도적이라 그냥 댓글 달게요
1088,  @nkkkn4557,춤이 빡쎈데 또 노래는 음원처럼 부르는게 더 이상한거 아니냐 ㅋㅋㅋㅋㅋㅋㅋ ㅅㅂ 그게 라이브에이알이겟죠^^
1089,  @Nuclear_Launch,피임의 중요성
1090,  @user-pn2dk2mc6r,이런애들은 뭘해도 깐다 ㅇㅈ?
1091,  @joannekim9956,내귀가 이상한건가...원랜 아이엠 잘 듣는데 mr 제거버전 보고 너무 못불러서 충격받음...... 그리고 왜 노래 절반이상을 안부는것 같지?? ㅠㅠ
1092,  @just_12345,공식 계정도 아니고 어떻게 다 mr제거를 하나요 ㅜㅜ mr제거하면 목소리도 제거될 수 있어요
1093,  @user-qx6xo7kc9v,잘하는데?
1094,  @user-pt3dn8yv8u,못하는데?
1095,  @user-vj5qk5gj5s,잘하는 멤버도 있는데?
1096,  @user-uo6ld3ds7x,1시간 전에 계정을 만드셨네요 
1097,  @haneul_11,1시간전 ㅋㅋㅋ 지도 쪽팔리는 거 아니까 부계 만들어서 바로 악플 달고 다니는 거 진심 추하네.. 왜 그러고 사냐..
1098,  @user-tu9sf6sh5g,억까 ㄴㄴ 괜찮게 하는거 맞는데 음역대 높은거 치곤
1099,  @Nuclear_Launch,​Mla 밑바닥일듯...
1100,  @user-rq4ng1uy2d,잘하는거예용?
1101,  @user-pj4eg8ww7k,잘하쥬…
1102,  @tyutyu4244,그럼 못하는거임? ㅋㅋㅋㅋㅋㅋ 하여튼
1103,  @user-pj4eg8ww7k,ㅇㅇ 23살에 잼민이됐네..
1104,  @user-nk1hv6ov9k,리즈...ㄹㅈㄷ
1105,  @heyyu9174,.....?
1106,  @seokjin6382,리즈랑 이서는 유진 이 3명은 잘하는데 그 외 2명은... 연습 더 하시길
1107,  @user-oz2jw1kx7r,역시 원영이 똥라이브 ㄹㅈㄷ
1108,  @tohyeo,가을인 자꾸 음이 안맞아.차라리 랩하자ㅜㅜ
1109,  @dpdms1117,"원영이 가을이나 비슷. 원영이가 보컬은 제일 연습이 필요해보여요, 첫소절잠껀하고 후렴은 다른 보컬에 묻어가고, 뒤에 잠깐하고 .. 묻혀가서 티가 크게 안나네"
1110,  @fenny50114,有點慘
1111,  @user-hd7qt6qc8s,너무억지 인듯
1112,  @user-qb3gp7ip5w,확실히 제거하니까 별로네...
1113,  @jje7279,가을;;;;;;
1114,  @user-je8bc8qe6v,빨간약 먹은느낌
1115,  @user-by9wq3ey1k,1:07
1116,  @user-tq9tf3bu2s,부를거면 다 부르지 부르다 말고 부르다 말고 ㅋㅋ
1117,  @user-db2ev6uk8x,거울모드네..? ㅋㅋㅋㅋ
1118,  @Blackpinkinfinity,Where is rei?
1119,  @deenuuh,"Sadly, she has health conditions so she will not join promotions."
1120,  @user-gs5uq9ts1n,이게 뭐지 ㅋㅋㅋ
1121,  @dunnn9794,와 순간 소녀시대 다만세 생각남 이악물고 진짜 독기품고 라이브하는 여돌 오랜만 이쁜척하기 바쁜 누구들이랑 넘 다르다
1122,  @yeong2789,엔믹스 라이브 못 봤나 봐.
1123,  @Roh_Heung_Min,​ @yeong2789  망돌빠야 느그 엔믹스 망해서 분해?ㅋㅋㅋ
1124,  @user-rv6pp9pg4r,원영아 가수가 하고 싶어 ?
1125,  @leandrolo4517,또 이거보니깐 라이브 ㅂㄹ같네ㅋㅋ 방금 박재범꺼 보고왔는데 거기선 잘한다싶었는데 그급은 아니구나..
1126,  @user-cm6sl6hx2b,여기에도 노래 못하니 뭐니 지랄하는 애들은 ar에 뻐끔거리는 슴돌 v클린v 라이브나 쳐 들어서 그런듯 ㅋㅋ
1127,  @weizhiyi2874,lmao
1128,  @user-lo3bw4go8d,ㅋㅋㅋㅋㅋ...
1129,  @toanyonearekpopqueens,Eatery
1130,  @user-tb8rd6od1t,"가수는 기본이상의 실력은 있어야함...
가수라 부르기엔 너무 못함..."
1131,  @user-jw7zq9lx2o,이사람들은 가수냐??아니면 댄서냐??? 카라보고오니 그냥 초딩장기자랑같네
1132,  @user-lk3qw5jk9f,대동고 박준호랑 노래배틀 뜨실래요 존나 못하시는거 같은데....
1133,  @user-sp6sq9zx8t,??이걸 잘한다고 히는건가???팬들이 너무 많네ㅋㅋ
1134,  @user-vy3xk2gm7z,ㅠ.듣기  쫌~~~
1135,  @cielo-vu3jq,ㅋㅋㅋ
1136,  @cond2301,LOL
1137,  @user-wk2kl5do6k,춤추면서하는거 이해하는데 역시좀...실력파는아닌듯
1138,  @just_12345,그건 여기서 달 댓글이 아닌것 같아요. 이건 공식 계정에서 mr제거 한 것도 아니고 AI가 제거한건데 100% 맞다고 장담하실 수 있나요
1139,  @user-wk2kl5do6k, @just_12345  그게...mr제거 말고 그냥 라이브가있어요..생각없이 댓글단것도아니고 어느정도 이제 이해는했습니다
1140,  @just_12345, @user-wk2kl5do6k  아하 네. 저도 너무 진지했던거 같네요.
1141,  @LalChisobelliaPaPaPoJam,이서 비음 좀 빼자..
1142,  @byee6246,이서가 제일 립싱크 없이 잘부르는데 왜그러심
1143,  @hyeons_00-,이서 듣기 편한데?
1144,  @alway-t1win,아직미자라 그런듯ㅇㅇ
1145,  @user-sm9yy3hs5c,넌 댓글에서 좀 빠지자
1146,  @wy2548,넌 대한민국에서 좀 빠지자
1147,  @user-ti2jd1dc3b,"비음이 꼭 나쁜건 아님
어케 활용하는지에따라 다르게 들리는거임
이서는 매력적이게 잘 활용해서 같아서 ㄱㅊ음 오히려 비음 덕분에 파트에 포인트를 줄수도 있는거임"
1148,  @user-tw8od4im6f,비음이 뭔지는 아나ㅋㅋ 백예린도 비음 쓰는데 비음이라고 다 나쁜게 아님
1149,  @KJ_2231,성시경도 비음 넣는데 뭔소립니까 ㅋㅋ
1150,  @hanynu,G5 × 9
1151,  @user-xw8pl1zh9w,이서는 싸비 부르지말자..
1152,  @user-yp2rr8pk3t,이걸..가수라고 부르는게맞냐.
1153,  @user-bf1fu8jb5w,"영상 안 보고 댓 쓰냐,,,? 개웃기네ㅋㅋㅋㅋㅋ"
1154,  @user-wm6wn4tf1l,그럼 너 같은것도 한글로 이딴 댓글 달면서 한국 국민으로 살고 있는데 가수지 뭐겠냐 … 니가 어떤 그룹 팬인지 모르겠다만 싫으면 관심 끄면 되는거다
1155,  @hyeons_00-,원본이랑 mr제거 영상 다봐라 까고 싶어도 깔게 없을걸
1156,  @user-sm9yy3hs5c,불러도 ㅈㄹ 안부르면 더 ㅈㄹ 어쩌라고 개짜증나게 하네 진짜
1157,  @wy2548,영상 안부고 댓 쓰니?ㅋㅋㅋㅋㅋ 한명도 빠짐없이 부르고 3옥타브 솔 부분을 매번 무대마다 하나도 빠짐없이 부르는 멤버도 있는데 니는 귀머거리임?영상을 보고 말해 ㅠㅠ
1158,  @Ag-ys2hg,저런 춤 추면서 저렇게 높은 음역대 부르면 말 다 한 거지 라이브 못 한다고 가수냐고 ㅈㄹ해서 기껏 연습해서 라이브 잘 해줬더니 아직도 이게 가수냐 ㅇㅈㄹ하네ㅋㅋ 이걸.. 사람이라고 부르는 게 맞냐
1159,  @user-yp2rr8pk3t," @wy2548  진짜 장원영때문에 죽고살고 하나보네 판단력이 없는걸보니, 장원영 이쁘고 애들 이쁘고 춤잘추는건 알겠는데 가수가 노래하는 수준을 좀 많이 낮게 잡고 평가하나본데 가수는 노래를 잘하는 사람이야 굳이 아이돌중에 따지면 엔믹스정도는 되야 노래를 잘한다고 당당하게 얘기할수 있는 수준이고 걔내도 빡센 춤추면서 노래함. 
엔믹스팬이라고 또 지랄할까봐 미리얘기하지만 걔내는 못생겨서 별로 
언제부터 가수가 음역대 적당히 잘 맞추고 삑사리안나면 노래 잘한다고 듣는 사람들이었나 
얘내는 가수가 아니라 퍼포먼서지 
아이돌끼리 따져봐도 맨날 음원 대놓고 깔고 노래하는 르세라핌 mr제거조차도 얘내보단 노래 잘함 ... 
진짜 노래부르는 가수들이랑 비교안해도 지금 가짜가수들이랑 비교해도 수준이 처참히 밀리는데 귀머거리 ㅇㅈㄹ ..
팬심 빼고 당장 가서 다른가수들 보고와봐라 
가을 이서는 처참하고 그나마 리즈랑 유진이나 좀 살렸구만"
1160,  @mputra5663,leeseo cant sing
1161,  @Taejungtaesaemondansok,ㅋㅋㅋㅋㅋ 아이브 욕하는 사람들은 뭐하자는거지? 왜 칭찬하는 댓글에 대댓글로 반박하는 거임 ㅋㅋㅋ 아이브가 그렇게 꼴 보기 싫었어용? 우쭈쭈 남 칭찬 받으니까 ㅂㄷㅂㄷ 한가보다 ㅋㅋ
1162,  @user-xi1cr8cf1k,너무 못하는 맴버만 못한다 ㅡㅡ 노력좀하길
1163,  @user-vf7ti5xk8b,….?
1164,  @ZK-dj4kr,워~~~~~~~  이게  뭐야 이런거 올리지 마세요 트라우마 생기겠어. 한명 빼곤 음치 수준인데
1165,  @user-xf4mi7uh9b,야랄났네
1166,  @abewori,Bad bad bad hahah
